"qualifyId","raceId","driverId","constructorId","number","position","q1","q2","q3"
5860,900,1,131,44,1,"1:31.699","1:42.890","1:44.231"
5861,900,817,9,3,2,"1:30.775","1:42.295","1:44.548"
5862,900,3,131,6,3,"1:32.564","1:42.264","1:44.595"
5863,900,825,1,20,4,"1:30.949","1:43.247","1:45.745"
5864,900,4,6,14,5,"1:31.388","1:42.805","1:45.819"
5865,900,818,5,25,6,"1:33.488","1:43.849","1:45.864"
5866,900,807,10,27,7,"1:33.893","1:43.658","1:46.030"
5867,900,826,5,26,8,"1:33.777","1:44.331","1:47.368"
5868,900,13,3,19,9,"1:31.228","1:44.242","1:48.079"
5869,900,822,3,77,10,"1:31.601","1:43.852","1:48.147"
5870,900,18,1,22,11,"1:31.396","1:44.437","NULL"
5871,900,8,6,7,12,"1:32.439","1:44.494","NULL"
5872,900,20,9,1,13,"1:31.931","1:44.688","NULL"
5873,900,16,15,99,14,"1:33.673","1:45.655","NULL"
5874,900,155,207,10,15,"1:34.274","1:45.867","NULL"
5875,900,815,10,11,16,"1:34.141","1:47.293","NULL"
5876,900,820,206,4,17,"1:34.293","","NULL"
5877,900,824,206,17,18,"1:34.794","","NULL"
5878,900,821,15,21,19,"1:35.117","","NULL"
5879,900,828,207,9,20,"1:35.157","","NULL"
5880,900,154,208,8,21,"1:36.993","","NULL"
5881,900,813,208,13,22,"","","NULL"
5882,901,1,131,44,1,"1:57.202","1:59.041","1:59.431"
5883,901,20,9,1,2,"1:57.654","1:59.399","1:59.486"
5884,901,3,131,6,3,"1:57.183","1:59.445","2:00.050"
5885,901,4,6,14,4,"1:58.889","2:01.356","2:00.175"
5886,901,817,9,3,5,"1:58.913","2:00.147","2:00.541"
5887,901,8,6,7,6,"1:59.257","2:01.532","2:01.218"
5888,901,807,10,27,7,"1:58.883","2:00.839","2:01.712"
5889,901,825,1,20,8,"2:00.356","2:02.094","2:02.213"
5890,901,818,5,25,9,"2:01.689","2:02.096","2:03.078"
5891,901,18,1,22,10,"2:00.889","2:01.810","2:04.053"
5892,901,826,5,26,11,"2:01.175","2:02.351","NULL"
5893,901,821,15,21,12,"2:01.134","2:02.369","NULL"
5894,901,13,3,19,13,"2:00.047","2:02.460","NULL"
5895,901,815,10,11,14,"2:00.076","2:02.511","NULL"
5896,901,822,3,77,15,"1:59.709","2:02.756","NULL"
5897,901,154,208,8,16,"2:00.202","2:02.885","NULL"
5898,901,813,208,13,17,"2:02.074","","NULL"
5899,901,16,15,99,18,"2:02.131","","NULL"
5900,901,824,206,17,19,"2:02.702","","NULL"
5901,901,155,207,10,20,"2:03.595","","NULL"
5902,901,820,206,4,21,"2:04.388","","NULL"
5903,901,828,207,9,22,"2:04.407","","NULL"
5904,902,3,131,6,1,"1:35.439","1:33.708","1:33.185"
5905,902,1,131,44,2,"1:35.323","1:33.872","1:33.464"
5906,902,817,9,3,3,"1:36.220","1:34.592","1:34.051"
5907,902,822,3,77,4,"1:34.934","1:34.842","1:34.247"
5908,902,815,10,11,5,"1:34.998","1:34.747","1:34.346"
5909,902,8,6,7,6,"1:35.234","1:34.925","1:34.368"
5910,902,18,1,22,7,"1:35.699","1:34.714","1:34.387"
5911,902,13,3,19,8,"1:35.085","1:34.842","1:34.511"
5912,902,825,1,20,9,"1:35.288","1:34.904","1:34.712"
5913,902,4,6,14,10,"1:35.251","1:34.723","1:34.992"
5914,902,20,9,1,11,"1:35.549","1:34.985","NULL"
5915,902,807,10,27,12,"1:34.874","1:35.116","NULL"
5916,902,826,5,26,13,"1:35.395","1:35.145","NULL"
5917,902,818,5,25,14,"1:35.815","1:35.286","NULL"
5918,902,821,15,21,15,"1:36.567","1:35.891","NULL"
5919,902,154,208,8,16,"1:36.654","1:35.908","NULL"
5920,902,813,208,13,17,"1:36.663","","NULL"
5921,902,16,15,99,18,"1:36.840","","NULL"
5922,902,155,207,10,19,"1:37.085","","NULL"
5923,902,824,206,17,20,"1:37.310","","NULL"
5924,902,828,207,9,21,"1:37.875","","NULL"
5925,902,820,206,4,22,"1:37.913","","NULL"
5950,903,1,131,44,1,"1:55.516","1:54.029","1:53.860"
5951,903,817,9,3,2,"1:56.641","1:55.302","1:54.455"
5952,903,20,9,1,3,"1:55.926","1:54.499","1:54.960"
5953,903,3,131,6,4,"1:56.058","1:55.294","1:55.143"
5954,903,4,6,14,5,"1:56.961","1:55.765","1:55.637"
5955,903,13,3,19,6,"1:56.850","1:56.757","1:56.147"
5956,903,822,3,77,7,"1:56.501","1:56.253","1:56.282"
5957,903,807,10,27,8,"1:55.913","1:56.847","1:56.366"
5958,903,818,5,25,9,"1:57.477","1:56.584","1:56.773"
5959,903,154,208,8,10,"1:58.411","1:56.407","1:57.079"
5960,903,8,6,7,11,"1:58.279","1:56.860","NULL"
5961,903,18,1,22,12,"1:57.783","1:56.963","NULL"
5962,903,826,5,26,13,"1:57.261","1:57.289","NULL"
5963,903,16,15,99,14,"1:58.138","1:57.393","NULL"
5964,903,825,1,20,15,"1:57.369","1:57.675","NULL"
5965,903,815,10,11,16,"1:58.362","1:58.264","NULL"
5966,903,821,15,21,17,"1:58.988","","NULL"
5967,903,155,207,10,18,"1:59.260","","NULL"
5968,903,824,206,17,19,"1:59.326","","NULL"
5969,903,828,207,9,20,"2:00.646","","NULL"
5970,903,820,206,4,21,"2:00.865","","NULL"
5971,903,813,208,13,22,"","","NULL"
5972,904,1,131,44,1,"1:27.238","1:26.210","1:25.232"
5973,904,3,131,6,2,"1:26.764","1:26.088","1:25.400"
5974,904,817,9,3,3,"1:28.053","1:26.613","1:26.285"
5975,904,822,3,77,4,"1:28.198","1:27.563","1:26.632"
5976,904,154,208,8,5,"1:28.472","1:27.258","1:26.960"
5977,904,8,6,7,6,"1:28.308","1:27.335","1:27.104"
5978,904,4,6,14,7,"1:28.329","1:27.602","1:27.140"
5979,904,18,1,22,8,"1:28.279","1:27.570","1:27.335"
5980,904,13,3,19,9,"1:28.061","1:27.016","1:27.402"
5981,904,20,9,1,10,"1:27.958","1:27.052","NULL"
5982,904,807,10,27,11,"1:28.155","1:27.685","NULL"
5983,904,815,10,11,12,"1:28.469","1:28.002","NULL"
5984,904,826,5,26,13,"1:28.074","1:28.039","NULL"
5985,904,821,15,21,14,"1:28.374","1:28.280","NULL"
5986,904,825,1,20,15,"1:28.389","","NULL"
5987,904,818,5,25,16,"1:28.194","","NULL"
5988,904,16,15,99,17,"1:28.563","","NULL"
5989,904,820,206,4,18,"1:29.586","","NULL"
5990,904,824,206,17,19,"1:30.177","","NULL"
5991,904,828,207,9,20,"1:30.312","","NULL"
5992,904,155,207,10,21,"1:30.375","","NULL"
5993,904,813,208,13,22,"","","NULL"
5994,905,3,131,6,1,"1:17.678","1:16.465","1:15.989"
5995,905,1,131,44,2,"1:17.823","1:16.354","1:16.048"
5996,905,817,9,3,3,"1:17.900","1:17.233","1:16.384"
5997,905,20,9,1,4,"1:18.383","1:17.074","1:16.547"
5998,905,4,6,14,5,"1:17.853","1:17.200","1:16.686"
5999,905,8,6,7,6,"1:17.902","1:17.398","1:17.389"
6000,905,818,5,25,7,"1:17.557","1:17.657","1:17.540"
6001,905,825,1,20,8,"1:17.978","1:17.609","1:17.555"
6002,905,826,5,26,9,"1:18.616","1:17.594","1:18.090"
6003,905,815,10,11,10,"1:18.108","1:17.755","1:18.327"
6004,905,807,10,27,11,"1:18.432","1:17.846","NULL"
6005,905,18,1,22,12,"1:17.890","1:17.988","NULL"
6006,905,822,3,77,13,"1:18.407","1:18.082","NULL"
6007,905,154,208,8,14,"1:18.335","1:18.196","NULL"
6008,905,813,208,13,15,"1:18.585","1:18.356","NULL"
6009,905,13,3,19,16,"1:18.209","","NULL"
6010,905,821,15,21,17,"1:18.741","","NULL"
6011,905,16,15,99,18,"1:18.745","","NULL"
6012,905,824,206,17,19,"1:19.332","","NULL"
6013,905,820,206,4,20,"1:19.928","","NULL"
6014,905,155,207,10,21,"1:20.133","","NULL"
6015,905,828,207,9,22,"1:21.732","","NULL"
6016,906,3,131,6,1,"1:16.471","1:15.289","1:14.874"
6017,906,1,131,44,2,"1:15.750","1:15.054","1:14.953"
6018,906,20,9,1,3,"1:17.470","1:16.109","1:15.548"
6019,906,822,3,77,4,"1:16.772","1:15.806","1:15.550"
6020,906,13,3,19,5,"1:16.666","1:15.773","1:15.578"
6021,906,817,9,3,6,"1:17.113","1:15.897","1:15.589"
6022,906,4,6,14,7,"1:17.010","1:16.131","1:15.814"
6023,906,818,5,25,8,"1:17.178","1:16.255","1:16.162"
6024,906,18,1,22,9,"1:16.631","1:16.214","1:16.182"
6025,906,8,6,7,10,"1:17.013","1:16.245","1:16.214"
6026,906,807,10,27,11,"1:16.897","1:16.300","NULL"
6027,906,825,1,20,12,"1:16.446","1:16.310","NULL"
6028,906,815,10,11,13,"1:18.235","1:16.472","NULL"
6029,906,154,208,8,14,"1:17.732","1:16.687","NULL"
6030,906,826,5,26,15,"1:16.938","1:16.713","NULL"
6031,906,16,15,99,16,"1:17.519","1:17.314","NULL"
6032,906,813,208,13,17,"1:18.328","","NULL"
6033,906,820,206,4,18,"1:18.348","","NULL"
6034,906,824,206,17,19,"1:18.359","","NULL"
6035,906,155,207,10,20,"1:19.278","","NULL"
6036,906,828,207,9,21,"1:19.820","","NULL"
6037,906,821,15,21,22,"","","NULL"
6038,907,13,3,19,1,"1:10.292","1:09.239","1:08.759"
6039,907,822,3,77,2,"1:10.356","1:09.096","1:08.846"
6040,907,3,131,6,3,"1:09.695","1:08.974","1:08.944"
6041,907,4,6,14,4,"1:10.405","1:09.479","1:09.285"
6042,907,817,9,3,5,"1:10.395","1:09.638","1:09.466"
6043,907,825,1,20,6,"1:10.081","1:09.473","1:09.515"
6044,907,826,5,26,7,"1:09.678","1:09.490","1:09.619"
6045,907,8,6,7,8,"1:10.285","1:09.657","1:10.795"
6046,907,1,131,44,9,"1:09.514","1:09.092","NULL"
6047,907,807,10,27,10,"1:10.389","1:09.624","NULL"
6048,907,815,10,11,11,"1:10.124","1:09.754","NULL"
6049,907,18,1,22,12,"1:10.252","1:09.780","NULL"
6050,907,20,9,1,13,"1:10.630","1:09.801","NULL"
6051,907,813,208,13,14,"1:10.821","1:09.939","NULL"
6052,907,818,5,25,15,"1:10.161","1:10.073","NULL"
6053,907,154,208,8,16,"1:10.461","1:10.642","NULL"
6054,907,16,15,99,17,"1:10.825","","NULL"
6055,907,821,15,21,18,"1:11.349","","NULL"
6056,907,824,206,17,19,"1:11.412","","NULL"
6057,907,155,207,10,20,"1:11.673","","NULL"
6058,907,820,206,4,21,"1:11.775","","NULL"
6059,907,828,207,9,22,"1:12.673","","NULL"
6060,908,3,131,6,1,"1:40.380","1:35.179","1:35.766"
6061,908,20,9,1,2,"1:45.086","1:36.410","1:37.386"
6062,908,18,1,22,3,"1:44.425","1:36.579","1:38.200"
6063,908,807,10,27,4,"1:41.271","1:37.112","1:38.329"
6064,908,825,1,20,5,"1:42.507","1:37.370","1:38.417"
6065,908,1,131,44,6,"1:41.058","1:34.870","1:39.232"
6066,908,815,10,11,7,"1:42.146","1:37.350","1:40.457"
6067,908,817,9,3,8,"1:44.710","1:38.166","1:40.606"
6068,908,826,5,26,9,"1:41.032","1:36.813","1:40.707"
6069,908,818,5,25,10,"1:43.040","1:37.800","1:40.855"
6070,908,154,208,8,11,"1:43.121","1:38.496","NULL"
6071,908,824,206,17,12,"1:41.169","1:38.709","NULL"
6072,908,820,206,4,13,"1:42.082","1:39.800","NULL"
6073,908,821,15,21,14,"1:43.285","1:40.912","NULL"
6074,908,813,208,13,15,"1:43.892","1:44.018","NULL"
6075,908,16,15,99,16,"1:42.603","","NULL"
6076,908,822,3,77,17,"1:45.318","","NULL"
6077,908,13,3,19,18,"1:45.695","","NULL"
6078,908,4,6,14,19,"1:45.935","","NULL"
6079,908,8,6,7,20,"1:46.684","","NULL"
6080,908,828,207,9,21,"1:49.421","","NULL"
6081,908,155,207,10,22,"1:49.625","","NULL"
6082,909,3,131,6,1,"1:17.631","1:17.109","1:16.540"
6083,909,822,3,77,2,"1:18.215","1:17.353","1:16.759"
6084,909,13,3,19,3,"1:18.381","1:17.370","1:17.078"
6085,909,825,1,20,4,"1:18.260","1:17.788","1:17.214"
6086,909,817,9,3,5,"1:18.117","1:17.855","1:17.273"
6087,909,20,9,1,6,"1:18.194","1:17.646","1:17.577"
6088,909,4,6,14,7,"1:18.389","1:17.866","1:17.649"
6089,909,826,5,26,8,"1:18.530","1:18.103","1:17.965"
6090,909,807,10,27,9,"1:18.927","1:18.017","1:18.014"
6091,909,815,10,11,10,"1:18.916","1:18.161","1:18.035"
6092,909,18,1,22,11,"1:18.425","1:18.193","NULL"
6093,909,8,6,7,12,"1:18.534","1:18.273","NULL"
6094,909,818,5,25,13,"1:18.496","1:18.285","NULL"
6095,909,821,15,21,14,"1:18.739","1:18.787","NULL"
6096,909,154,208,8,15,"1:18.894","1:18.983","NULL"
6097,909,1,131,44,16,"1:18.683","","NULL"
6098,909,16,15,99,17,"1:19.142","","NULL"
6099,909,824,206,17,18,"1:18.676","","NULL"
6100,909,813,208,13,19,"1:20.195","","NULL"
6101,909,155,207,10,20,"1:20.408","","NULL"
6102,909,820,206,4,21,"1:20.489","","NULL"
6103,909,828,207,9,22,"","","NULL"
6104,910,3,131,6,1,"1:25.227","1:23.310","1:22.715"
6105,910,20,9,1,2,"1:25.662","1:23.606","1:23.201"
6106,910,822,3,77,3,"1:25.690","1:23.776","1:23.354"
6107,910,817,9,3,4,"1:25.495","1:23.676","1:23.391"
6108,910,4,6,14,5,"1:26.087","1:24.249","1:23.909"
6109,910,13,3,19,6,"1:26.592","1:24.030","1:24.223"
6110,910,18,1,22,7,"1:26.612","1:24.502","1:24.294"
6111,910,818,5,25,8,"1:24.941","1:24.637","1:24.720"
6112,910,807,10,27,9,"1:26.149","1:24.647","1:24.775"
6113,910,825,1,20,10,"1:26.578","1:24.585","NULL"
6114,910,826,5,26,11,"1:25.361","1:24.706","NULL"
6115,910,16,15,99,12,"1:26.027","1:25.136","NULL"
6116,910,815,10,11,13,"1:25.910","1:25.211","NULL"
6117,910,821,15,21,14,"1:25.709","1:25.260","NULL"
6118,910,154,208,8,15,"1:26.136","1:25.337","NULL"
6119,910,824,206,17,16,"1:26.728","1:27.419","NULL"
6120,910,8,6,7,17,"1:26.792","","NULL"
6121,910,155,207,10,18,"1:27.139","","NULL"
6122,910,820,206,4,19,"1:27.819","","NULL"
6123,910,828,207,9,20,"1:28.643","","NULL"
6124,910,1,131,44,21,"","","NULL"
6125,910,813,208,13,22,"","","NULL"
6126,911,3,131,6,1,"2:07.130","2:06.723","2:05.591"
6127,911,1,131,44,2,"2:07.280","2:06.609","2:05.819"
6128,911,20,9,1,3,"2:10.105","2:08.868","2:07.717"
6129,911,4,6,14,4,"2:10.197","2:08.450","2:07.786"
6130,911,817,9,3,5,"2:10.089","2:08.989","2:07.911"
6131,911,822,3,77,6,"2:09.250","2:08.451","2:08.049"
6132,911,825,1,20,7,"2:11.081","2:08.901","2:08.679"
6133,911,8,6,7,8,"2:09.885","2:08.646","2:08.780"
6134,911,13,3,19,9,"2:08.403","2:08.833","2:09.178"
6135,911,18,1,22,10,"2:10.529","2:09.272","2:09.776"
6136,911,826,5,26,11,"2:10.445","2:09.377","NULL"
6137,911,818,5,25,12,"2:09.811","2:09.805","NULL"
6138,911,815,10,11,13,"2:10.666","2:10.084","NULL"
6139,911,16,15,99,14,"2:11.051","2:10.238","NULL"
6140,911,154,208,8,15,"2:10.898","2:11.087","NULL"
6141,911,824,206,17,16,"2:11.051","2:12.470","NULL"
6142,911,813,208,13,17,"2:11.261","","NULL"
6143,911,807,10,27,18,"2:11.267","","NULL"
6144,911,820,206,4,19,"2:12.566","","NULL"
6145,911,821,15,21,20,"2:13.414","","NULL"
6146,911,827,207,45,21,"2:13.469","","NULL"
6147,911,828,207,9,22,"2:14.438","","NULL"
6148,912,1,131,44,1,"1:25.363","1:24.560","1:24.109"
6149,912,3,131,6,2,"1:25.493","1:24.600","1:24.383"
6150,912,822,3,77,3,"1:26.012","1:24.858","1:24.697"
6151,912,13,3,19,4,"1:25.528","1:25.046","1:24.865"
6152,912,825,1,20,5,"1:26.337","1:25.973","1:25.314"
6153,912,18,1,22,6,"1:26.328","1:25.630","1:25.379"
6154,912,4,6,14,7,"1:26.514","1:25.525","1:25.430"
6155,912,20,9,1,8,"1:26.631","1:25.769","1:25.436"
6156,912,817,9,3,9,"1:26.721","1:25.946","1:25.709"
6157,912,815,10,11,10,"1:26.569","1:25.863","1:25.944"
6158,912,826,5,26,11,"1:26.261","1:26.070","NULL"
6159,912,8,6,7,12,"1:26.689","1:26.110","NULL"
6160,912,818,5,25,13,"1:26.140","1:26.157","NULL"
6161,912,807,10,27,14,"1:26.371","1:26.279","NULL"
6162,912,16,15,99,15,"1:27.034","1:26.588","NULL"
6163,912,821,15,21,16,"1:26.999","1:26.692","NULL"
6164,912,813,208,13,17,"1:27.520","","NULL"
6165,912,154,208,8,18,"1:27.632","","NULL"
6166,912,155,207,10,19,"1:27.671","","NULL"
6167,912,824,206,17,20,"1:27.738","","NULL"
6168,912,820,206,4,21,"1:28.247","","NULL"
6169,912,828,207,9,22,"1:28.562","","NULL"
6170,913,1,131,44,1,"1:46.921","1:46.287","1:45.681"
6171,913,3,131,6,2,"1:47.244","1:45.825","1:45.688"
6172,913,817,9,3,3,"1:47.488","1:46.493","1:45.854"
6173,913,20,9,1,4,"1:47.476","1:46.586","1:45.902"
6174,913,4,6,14,5,"1:46.889","1:46.328","1:45.907"
6175,913,13,3,19,6,"1:47.615","1:46.472","1:46.000"
6176,913,8,6,7,7,"1:46.685","1:46.359","1:46.170"
6177,913,822,3,77,8,"1:47.196","1:46.622","1:46.187"
6178,913,825,1,20,9,"1:47.976","1:46.700","1:46.250"
6179,913,826,5,26,10,"1:47.656","1:46.926","1:47.362"
6180,913,18,1,22,11,"1:47.161","1:46.943","NULL"
6181,913,818,5,25,12,"1:47.407","1:46.989","NULL"
6182,913,807,10,27,13,"1:47.370","1:47.308","NULL"
6183,913,821,15,21,14,"1:47.970","1:47.333","NULL"
6184,913,815,10,11,15,"1:48.143","1:47.575","NULL"
6185,913,154,208,8,16,"1:47.862","1:47.812","NULL"
6186,913,16,15,99,17,"1:48.324","","NULL"
6187,913,813,208,13,18,"1:49.063","","NULL"
6188,913,824,206,17,19,"1:49.440","","NULL"
6189,913,155,207,10,20,"1:50.405","","NULL"
6190,913,820,206,4,21,"1:50.473","","NULL"
6191,913,828,207,9,22,"1:52.287","","NULL"
6192,914,3,131,6,1,"1:33.671","1:32.950","1:32.506"
6193,914,1,131,44,2,"1:33.611","1:32.982","1:32.703"
6194,914,822,3,77,3,"1:34.301","1:33.443","1:33.128"
6195,914,13,3,19,4,"1:34.483","1:33.551","1:33.527"
6196,914,4,6,14,5,"1:34.497","1:33.675","1:33.740"
6197,914,817,9,3,6,"1:35.593","1:34.466","1:34.075"
6198,914,825,1,20,7,"1:34.930","1:34.229","1:34.242"
6199,914,18,1,22,8,"1:35.150","1:34.648","1:34.317"
6200,914,20,9,1,9,"1:35.517","1:34.784","1:34.432"
6201,914,8,6,7,10,"1:34.984","1:34.771","1:34.548"
6202,914,818,5,25,11,"1:35.155","1:34.984","NULL"
6203,914,815,10,11,12,"1:35.439","1:35.089","NULL"
6204,914,826,5,26,13,"1:35.210","1:35.092","NULL"
6205,914,807,10,27,14,"1:35.000","1:35.099","NULL"
6206,914,16,15,99,15,"1:35.736","1:35.364","NULL"
6207,914,821,15,21,16,"1:35.308","1:35.681","NULL"
6208,914,813,208,13,17,"1:35.917","","NULL"
6209,914,154,208,8,18,"1:35.984","","NULL"
6210,914,828,207,9,19,"1:36.813","","NULL"
6211,914,824,206,17,20,"1:36.943","","NULL"
6212,914,155,207,10,21,"1:37.015","","NULL"
6213,914,820,206,4,22,"1:37.481","","NULL"
6214,915,1,131,44,1,"1:38.759","1:38.338","1:38.513"
6215,915,3,131,6,2,"1:39.076","1:38.606","1:38.713"
6216,915,822,3,77,3,"1:39.125","1:38.971","1:38.920"
6217,915,18,1,22,4,"1:39.560","1:39.381","1:39.121"
6218,915,826,5,26,5,"1:40.074","1:39.296","1:39.277"
6219,915,825,1,20,6,"1:39.735","1:39.022","1:39.629"
6220,915,817,9,3,7,"1:40.519","1:39.666","1:39.635"
6221,915,4,6,14,8,"1:40.255","1:39.786","1:39.709"
6222,915,8,6,7,9,"1:40.098","1:39.838","1:39.771"
6223,915,818,5,25,10,"1:40.354","1:39.929","1:40.020"
6224,915,20,9,1,11,"1:40.382","1:40.052","NULL"
6225,915,807,10,27,12,"1:40.273","1:40.058","NULL"
6226,915,815,10,11,13,"1:40.723","1:40.163","NULL"
6227,915,821,15,21,14,"1:41.159","1:40.536","NULL"
6228,915,16,15,99,15,"1:40.766","1:40.984","NULL"
6229,915,154,208,8,16,"1:42.526","1:41.397","NULL"
6230,915,828,207,9,17,"1:42.648","","NULL"
6231,915,13,3,19,18,"1:43.064","","NULL"
6232,915,155,207,10,19,"1:43.166","","NULL"
6233,915,813,208,13,20,"1:43.205","","NULL"
6234,915,820,206,4,21,"1:43.649","","NULL"
6235,916,3,131,6,1,"1:38.303","1:36.290","1:36.067"
6236,916,1,131,44,2,"1:37.196","1:37.287","1:36.443"
6237,916,822,3,77,3,"1:38.249","1:37.499","1:36.906"
6238,916,13,3,19,4,"1:37.877","1:37.347","1:37.205"
6239,916,817,9,3,5,"1:38.814","1:37.873","1:37.244"
6240,916,4,6,14,6,"1:38.349","1:38.010","1:37.610"
6241,916,18,1,22,7,"1:38.574","1:38.024","1:37.655"
6242,916,825,1,20,8,"1:38.557","1:38.047","1:37.706"
6243,916,8,6,7,9,"1:38.669","1:38.263","1:37.804"
6244,916,16,15,99,10,"1:38.855","1:38.378","1:38.810"
6245,916,813,208,13,11,"1:38.608","1:38.467","NULL"
6246,916,815,10,11,12,"1:39.200","1:38.554","NULL"
6247,916,807,10,27,13,"1:38.931","1:38.598","NULL"
6248,916,826,5,26,14,"1:38.936","1:38.699","NULL"
6249,916,818,5,25,15,"1:39.250","","NULL"
6250,916,821,15,21,16,"1:39.555","","NULL"
6251,916,20,9,1,17,"1:39.621","","NULL"
6252,916,154,208,8,18,"1:39.679","","NULL"
6253,917,3,131,6,1,"1:10.347","1:10.303","1:10.023"
6254,917,1,131,44,2,"1:10.457","1:10.712","1:10.056"
6255,917,13,3,19,3,"1:10.602","1:10.343","1:10.247"
6256,917,822,3,77,4,"1:10.832","1:10.421","1:10.305"
6257,917,18,1,22,5,"1:11.097","1:11.127","1:10.930"
6258,917,20,9,1,6,"1:11.880","1:11.129","1:10.938"
6259,917,825,1,20,7,"1:11.134","1:11.211","1:10.969"
6260,917,4,6,14,8,"1:11.558","1:11.215","1:10.977"
6261,917,817,9,3,9,"1:11.593","1:11.208","1:11.075"
6262,917,8,6,7,10,"1:11.193","1:11.188","1:11.099"
6263,917,821,15,21,11,"1:11.520","1:11.591","NULL"
6264,917,807,10,27,12,"1:11.848","1:11.976","NULL"
6265,917,16,15,99,13,"1:11.943","1:12.099","NULL"
6266,917,826,5,26,14,"1:11.423","","NULL"
6267,917,154,208,8,15,"1:12.037","","NULL"
6268,917,818,5,25,16,"1:12.040","","NULL"
6269,917,815,10,11,17,"1:12.076","","NULL"
6270,917,813,208,13,18,"1:12.233","","NULL"
6305,918,821,15,21,15,"1:42.819","","NULL"
6304,918,154,208,8,14,"1:42.768","","NULL"
6303,918,16,15,99,13,"1:42.746","1:43.074","NULL"
6302,918,807,10,27,12,"1:42.444","1:42.384","NULL"
6301,918,815,10,11,11,"1:42.654","1:42.239","NULL"
6300,918,818,5,25,10,"1:42.413","1:42.207","NULL"
6299,918,825,1,20,9,"1:42.104","1:42.198","NULL"
6298,918,4,6,14,8,"1:42.467","1:41.940","1:42.866"
6297,918,8,6,7,7,"1:42.439","1:42.168","1:42.236"
6296,918,18,1,22,6,"1:42.137","1:41.875","1:41.964"
6295,918,826,5,26,5,"1:42.302","1:42.082","1:41.908"
6294,918,13,3,19,4,"1:41.475","1:41.144","1:41.119"
6293,918,822,3,77,3,"1:42.346","1:41.376","1:41.025"
6292,918,1,131,44,2,"1:41.207","1:40.920","1:40.866"
6291,918,3,131,6,1,"1:41.308","1:41.459","1:40.480"
6306,918,813,208,13,16,"1:42.860","","NULL"
6307,918,155,207,10,17,"1:44.540","","NULL"
6308,918,829,207,46,18,"1:45.095","","NULL"
6309,926,1,131,44,1,"1:28.586","1:26.894","1:26.327"
6310,926,3,131,6,2,"1:28.906","1:27.097","1:26.921"
6311,926,13,3,19,3,"1:29.246","1:27.895","1:27.718"
6312,926,20,6,5,4,"1:29.307","1:27.742","1:27.757"
6313,926,8,6,7,5,"1:29.754","1:27.807","1:27.790"
6314,926,822,3,77,6,"1:29.641","1:27.796","1:28.087"
6315,926,817,9,3,7,"1:29.788","1:28.679","1:28.329"
6316,926,832,5,55,8,"1:29.597","1:28.601","1:28.510"
6317,926,154,208,8,9,"1:29.537","1:28.589","1:28.560"
6318,926,813,208,13,10,"1:29.847","1:28.726","1:29.480"
6319,926,831,15,12,11,"1:30.430","1:28.800","NULL"
6320,926,830,5,33,12,"1:29.248","1:28.868","NULL"
6321,926,826,9,26,13,"1:30.402","1:29.070","NULL"
6322,926,807,10,27,14,"1:29.651","1:29.208","NULL"
6323,926,815,10,11,15,"1:29.990","1:29.209","NULL"
6324,926,828,15,9,16,"1:31.376","","NULL"
6325,926,18,1,22,17,"1:31.422","","NULL"
6326,926,825,1,20,18,"1:32.037","","NULL"
6327,927,1,131,44,1,"1:39.269","1:41.517","1:49.834"
6328,927,20,6,5,2,"1:39.814","1:39.632","1:49.908"
6329,927,3,131,6,3,"1:39.374","1:39.377","1:50.299"
6330,927,817,9,3,4,"1:40.504","1:41.085","1:51.541"
6331,927,826,9,26,5,"1:40.546","1:41.665","1:51.951"
6332,927,830,5,33,6,"1:40.793","1:41.430","1:51.981"
6333,927,13,3,19,7,"1:40.543","1:41.230","1:52.473"
6334,927,154,208,8,8,"1:40.303","1:41.209","1:52.981"
6335,927,822,3,77,9,"1:40.249","1:40.650","1:53.179"
6336,927,828,15,9,10,"1:40.340","1:41.748","1:53.261"
6337,927,8,6,7,11,"1:40.415","1:42.173","NULL"
6338,927,813,208,13,12,"1:40.361","1:42.198","NULL"
6339,927,807,10,27,13,"1:40.830","1:43.023","NULL"
6340,927,815,10,11,14,"1:41.036","1:43.469","NULL"
6341,927,832,5,55,15,"1:39.814","1:43.701","NULL"
6342,927,831,15,12,16,"1:41.308","","NULL"
6343,927,18,1,22,17,"1:41.636","","NULL"
6344,927,4,1,14,18,"1:41.746","","NULL"
6345,927,833,209,98,19,"1:46.677","","NULL"
6346,928,1,131,44,1,"1:38.285","1:36.423","1:35.782"
6347,928,3,131,6,2,"1:38.496","1:36.747","1:35.828"
6348,928,20,6,5,3,"1:37.502","1:36.957","1:36.687"
6349,928,13,3,19,4,"1:38.433","1:37.357","1:36.954"
6350,928,822,3,77,5,"1:38.014","1:37.763","1:37.143"
6351,928,8,6,7,6,"1:37.790","1:37.109","1:37.232"
6352,928,817,9,3,7,"1:38.534","1:37.939","1:37.540"
6353,928,154,208,8,8,"1:38.209","1:38.063","1:37.905"
6354,928,831,15,12,9,"1:38.521","1:38.017","1:38.067"
6355,928,828,15,9,10,"1:38.941","1:38.127","1:38.158"
6356,928,813,208,13,11,"1:38.563","1:38.134","NULL"
6357,928,826,9,26,12,"1:39.051","1:38.209","NULL"
6358,928,830,5,33,13,"1:38.387","1:38.393","NULL"
6359,928,832,5,55,14,"1:38.622","1:38.538","NULL"
6360,928,815,10,11,15,"1:38.903","1:39.290","NULL"
6361,928,807,10,27,16,"1:39.216","","NULL"
6362,928,18,1,22,17,"1:39.276","","NULL"
6363,928,4,1,14,18,"1:39.280","","NULL"
6364,928,829,209,28,19,"1:42.091","","NULL"
6365,928,833,209,98,20,"1:42.842","","NULL"
6366,929,1,131,44,1,"1:33.928","1:32.669","1:32.571"
6367,929,20,6,5,2,"1:34.919","1:33.623","1:32.982"
6368,929,3,131,6,3,"1:34.398","1:33.878","1:33.129"
6369,929,8,6,7,4,"1:34.568","1:33.540","1:33.227"
6370,929,822,3,77,5,"1:34.161","1:33.897","1:33.381"
6371,929,13,3,19,6,"1:34.488","1:33.551","1:33.744"
6372,929,817,9,3,7,"1:34.691","1:34.403","1:33.832"
6373,929,807,10,27,8,"1:35.653","1:34.613","1:34.450"
6374,929,832,5,55,9,"1:35.371","1:34.641","1:34.462"
6375,929,154,208,8,10,"1:35.007","1:34.123","1:34.484"
6376,929,815,10,11,11,"1:35.451","1:34.704","NULL"
6377,929,831,15,12,12,"1:35.310","1:34.737","NULL"
6378,929,828,15,9,13,"1:35.438","1:35.034","NULL"
6379,929,4,1,14,14,"1:35.205","1:35.039","NULL"
6380,929,830,5,33,15,"1:35.611","1:35.103","NULL"
6381,929,813,208,13,16,"1:35.677","","NULL"
6382,929,826,9,26,17,"1:35.800","","NULL"
6383,929,829,209,28,18,"1:38.713","","NULL"
6384,929,833,209,98,19,"1:39.722","","NULL"
6385,930,3,131,6,1,"1:26.490","1:25.166","1:24.681"
6386,930,1,131,44,2,"1:26.382","1:25.740","1:24.948"
6387,930,20,6,5,3,"1:27.534","1:26.167","1:25.458"
6388,930,822,3,77,4,"1:27.262","1:26.197","1:25.694"
6389,930,832,5,55,5,"1:26.773","1:26.475","1:26.136"
6390,930,830,5,33,6,"1:27.393","1:26.441","1:26.249"
6391,930,8,6,7,7,"1:26.637","1:26.016","1:26.414"
6392,930,826,9,26,8,"1:27.833","1:26.889","1:26.629"
6393,930,13,3,19,9,"1:27.165","1:26.147","1:26.757"
6394,930,817,9,3,10,"1:27.611","1:26.692","1:26.770"
6395,930,154,208,8,11,"1:27.383","1:27.375","NULL"
6396,930,813,208,13,12,"1:27.281","1:27.450","NULL"
6397,930,4,1,14,13,"1:27.941","1:27.760","NULL"
6398,930,18,1,22,14,"1:27.813","1:27.854","NULL"
6399,930,831,15,12,15,"1:27.625","1:28.005","NULL"
6400,930,828,15,9,16,"1:28.112","","NULL"
6401,930,807,10,27,17,"1:28.365","","NULL"
6402,930,815,10,11,18,"1:28.442","","NULL"
6403,930,829,209,28,19,"1:31.200","","NULL"
6404,930,833,209,98,20,"1:32.038","","NULL"
6405,931,1,131,44,1,"1:16.588","1:15.864","1:15.098"
6406,931,3,131,6,2,"1:16.528","1:15.471","1:15.440"
6407,931,20,6,5,3,"1:17.502","1:16.181","1:15.849"
6408,931,817,9,3,4,"1:17.254","1:16.706","1:16.041"
6409,931,826,9,26,5,"1:16.845","1:16.453","1:16.182"
6410,931,8,6,7,6,"1:17.660","1:16.440","1:16.427"
6411,931,815,10,11,7,"1:17.376","1:16.999","1:16.808"
6412,931,832,5,55,8,"1:17.246","1:16.762","1:16.931"
6413,931,813,208,13,9,"1:17.630","1:16.775","1:16.946"
6414,931,830,5,33,10,"1:16.750","1:16.546","1:16.957"
6415,931,154,208,8,11,"1:17.767","1:17.007","NULL"
6416,931,18,1,22,12,"1:17.492","1:17.093","NULL"
6417,931,807,10,27,13,"1:17.552","1:17.193","NULL"
6418,931,13,3,19,14,"1:17.679","1:17.278","NULL"
6419,931,4,1,14,15,"1:17.778","1:26.632","NULL"
6420,931,831,15,12,16,"1:18.101","","NULL"
6421,931,822,3,77,17,"1:18.434","","NULL"
6422,931,828,15,9,18,"1:18.513","","NULL"
6423,931,829,209,28,19,"1:20.655","","NULL"
6424,931,833,209,98,20,"1:20.904","","NULL"
6425,932,1,131,44,1,"1:15.895","1:14.661","1:14.393"
6426,932,3,131,6,2,"1:15.893","1:14.673","1:14.702"
6427,932,8,6,7,3,"1:16.259","1:15.348","1:15.014"
6428,932,822,3,77,4,"1:16.552","1:15.506","1:15.102"
6429,932,154,208,8,5,"1:15.833","1:15.187","1:15.194"
6430,932,813,208,13,6,"1:16.098","1:15.622","1:15.329"
6431,932,807,10,27,7,"1:16.186","1:15.706","1:15.614"
6432,932,826,9,26,8,"1:16.415","1:15.891","1:16.079"
6433,932,817,9,3,9,"1:16.410","1:16.006","1:16.114"
6434,932,815,10,11,10,"1:16.827","1:15.974","1:16.338"
6435,932,832,5,55,11,"1:16.611","1:16.042","NULL"
6436,932,830,5,33,12,"1:16.361","1:16.245","NULL"
6437,932,828,15,9,13,"1:16.796","1:16.262","NULL"
6438,932,4,1,14,14,"1:17.012","1:16.276","NULL"
6439,932,831,15,12,15,"1:16.968","1:16.620","NULL"
6440,932,20,6,5,16,"1:17.344","","NULL"
6441,932,13,3,19,17,"1:17.886","","NULL"
6442,932,833,209,98,18,"1:19.133","","NULL"
6443,932,829,209,28,19,"1:19.157","","NULL"
6444,933,1,131,44,1,"1:12.218","1:09.062","1:08.455"
6445,933,3,131,6,2,"1:10.976","1:08.634","1:08.655"
6446,933,20,6,5,3,"1:11.184","1:09.392","1:08.810"
6447,933,13,3,19,4,"1:11.830","1:09.719","1:09.192"
6448,933,807,10,27,5,"1:11.319","1:09.604","1:09.278"
6449,933,822,3,77,6,"1:11.894","1:09.598","1:09.319"
6450,933,830,5,33,7,"1:11.307","1:09.631","1:09.612"
6451,933,826,9,26,8,"1:12.092","1:10.187","1:09.694"
6452,933,831,15,12,9,"1:12.001","1:09.652","1:09.713"
6453,933,154,208,8,10,"1:11.821","1:09.920","NULL"
6454,933,813,208,13,11,"1:11.661","1:10.374","NULL"
6455,933,828,15,9,12,"1:12.388","1:10.426","NULL"
6456,933,832,5,55,13,"1:11.158","1:10.465","NULL"
6457,933,817,9,3,14,"1:11.973","1:10.482","NULL"
6458,933,4,1,14,15,"1:12.508","1:10.736","NULL"
6459,933,815,10,11,16,"1:12.522","","NULL"
6460,933,18,1,22,17,"1:12.632","","NULL"
6461,933,8,6,7,18,"1:12.867","","NULL"
6462,933,833,209,98,19,"1:14.071","","NULL"
6463,933,829,209,28,20,"1:15.368","","NULL"
6464,934,1,131,44,1,"1:33.796","1:33.068","1:32.248"
6465,934,3,131,6,2,"1:33.475","1:32.737","1:32.361"
6466,934,13,3,19,3,"1:34.542","1:33.707","1:33.085"
6467,934,822,3,77,4,"1:34.171","1:33.020","1:33.149"
6468,934,8,6,7,5,"1:33.426","1:33.911","1:33.379"
6469,934,20,6,5,6,"1:33.562","1:33.641","1:33.547"
6470,934,826,9,26,7,"1:34.422","1:33.520","1:33.636"
6471,934,832,5,55,8,"1:34.641","1:34.071","1:33.649"
6472,934,807,10,27,9,"1:34.594","1:33.693","1:33.673"
6473,934,817,9,3,10,"1:34.272","1:33.749","1:33.943"
6474,934,815,10,11,11,"1:34.250","1:34.268","NULL"
6475,934,154,208,8,12,"1:34.646","1:34.430","NULL"
6476,934,830,5,33,13,"1:34.819","1:34.502","NULL"
6477,934,813,208,13,14,"1:34.877","1:34.511","NULL"
6478,934,828,15,9,15,"1:34.643","1:34.868","NULL"
6479,934,831,15,12,16,"1:34.888","","NULL"
6480,934,4,1,14,17,"1:34.959","","NULL"
6481,934,18,1,22,18,"1:35.207","","NULL"
6482,934,829,209,28,19,"1:37.364","","NULL"
6483,934,833,209,98,20,"1:39.377","","NULL"
6484,936,1,131,44,1,"1:22.890","1:22.285","1:22.020"
6485,936,3,131,6,2,"1:22.979","1:22.775","1:22.595"
6486,936,20,6,5,3,"1:23.312","1:23.168","1:22.739"
6487,936,817,9,3,4,"1:24.408","1:23.230","1:22.774"
6488,936,8,6,7,5,"1:23.596","1:23.460","1:23.020"
6489,936,822,3,77,6,"1:23.649","1:23.555","1:23.222"
6490,936,826,9,26,7,"1:23.587","1:23.597","1:23.332"
6491,936,13,3,19,8,"1:23.895","1:23.598","1:23.537"
6492,936,830,5,33,9,"1:24.032","1:23.781","1:23.679"
6493,936,154,208,8,10,"1:24.242","1:23.805","1:24.181"
6494,936,807,10,27,11,"1:24.115","1:23.826","NULL"
6495,936,832,5,55,12,"1:24.623","1:23.869","NULL"
6496,936,815,10,11,13,"1:24.444","1:24.461","NULL"
6497,936,813,208,13,14,"1:23.895","1:24.609","NULL"
6498,936,4,1,14,15,"1:24.563","","NULL"
6499,936,18,1,22,16,"1:24.739","","NULL"
6500,936,828,15,9,17,"1:24.843","","NULL"
6501,936,831,15,12,18,"1:24.997","","NULL"
6502,936,833,209,98,19,"1:27.416","","NULL"
6503,936,829,209,28,20,"1:27.949","","NULL"
6504,937,1,131,44,1,"1:48.908","1:48.024","1:47.197"
6505,937,3,131,6,2,"1:48.923","1:47.955","1:47.655"
6506,937,822,3,77,3,"1:49.026","1:49.044","1:48.537"
6507,937,154,208,8,4,"1:49.353","1:48.981","1:48.561"
6508,937,815,10,11,5,"1:49.006","1:48.792","1:48.599"
6509,937,817,9,3,6,"1:49.664","1:49.042","1:48.639"
6510,937,13,3,19,7,"1:49.688","1:48.806","1:48.685"
6511,937,813,208,13,8,"1:49.568","1:48.956","1:48.754"
6512,937,20,6,5,9,"1:49.264","1:48.761","1:48.825"
6513,937,832,5,55,10,"1:49.109","1:49.065","1:49.771"
6514,937,807,10,27,11,"1:49.499","1:49.121","NULL"
6515,937,826,9,26,12,"1:49.469","1:49.228","NULL"
6516,937,828,15,9,13,"1:49.523","1:49.586","NULL"
6517,937,8,6,7,14,"1:49.288","","NULL"
6518,937,830,5,33,15,"1:49.831","","NULL"
6519,937,831,15,12,16,"1:49.952","","NULL"
6520,937,18,1,22,17,"1:50.978","","NULL"
6521,937,4,1,14,18,"1:51.420","","NULL"
6522,937,829,206,28,19,"1:52.948","","NULL"
6523,937,833,206,98,20,"1:53.099","","NULL"
6524,938,1,131,44,1,"1:24.251","1:23.383","1:23.397"
6525,938,8,6,7,2,"1:24.662","1:23.757","1:23.631"
6526,938,20,6,5,3,"1:24.989","1:23.577","1:23.685"
6527,938,3,131,6,4,"1:24.609","1:23.864","1:23.703"
6528,938,13,3,19,5,"1:25.184","1:23.983","1:23.940"
6529,938,822,3,77,6,"1:24.979","1:24.313","1:24.127"
6530,938,815,10,11,7,"1:24.801","1:24.379","1:24.626"
6531,938,154,208,8,8,"1:25.144","1:24.448","1:25.054"
6532,938,807,10,27,9,"1:24.937","1:24.510","1:25.317"
6533,938,828,15,9,10,"1:25.122","1:24.457","1:26.214"
6534,938,813,208,13,11,"1:25.429","1:24.525","NULL"
6535,938,831,15,12,12,"1:25.121","1:24.898","NULL"
6536,938,832,5,55,13,"1:25.410","1:25.618","NULL"
6537,938,826,9,26,14,"1:25.742","1:25.796","NULL"
6538,938,817,9,3,15,"1:25.633","","NULL"
6539,938,18,1,22,16,"1:26.058","","NULL"
6540,938,4,1,14,17,"1:26.154","","NULL"
6541,938,829,209,28,18,"1:27.731","","NULL"
6542,938,833,209,98,19,"1:27.912","","NULL"
6543,938,830,5,33,20,"","","NULL"
6544,939,20,6,5,1,"1:46.017","1:44.743","1:43.885"
6545,939,817,9,3,2,"1:46.166","1:45.291","1:44.428"
6546,939,8,6,7,3,"1:46.467","1:45.140","1:44.667"
6547,939,826,9,26,4,"1:45.340","1:44.979","1:44.745"
6548,939,1,131,44,5,"1:45.765","1:45.650","1:45.300"
6549,939,3,131,6,6,"1:46.201","1:45.653","1:45.415"
6550,939,822,3,77,7,"1:46.231","1:45.887","1:45.676"
6551,939,830,5,33,8,"1:46.483","1:45.635","1:45.798"
6552,939,13,3,19,9,"1:46.879","1:45.701","1:46.077"
6553,939,154,208,8,10,"1:46.860","1:45.805","1:46.413"
6554,939,807,10,27,11,"1:46.669","1:46.305","NULL"
6555,939,4,1,14,12,"1:46.600","1:46.328","NULL"
6556,939,815,10,11,13,"1:46.576","1:46.385","NULL"
6557,939,832,5,55,14,"1:46.465","1:46.894","NULL"
6558,939,18,1,22,15,"1:45.891","1:47.019","NULL"
6559,939,831,15,12,16,"1:46.965","","NULL"
6560,939,828,15,9,17,"1:47.088","","NULL"
6561,939,813,208,13,18,"1:47.323","","NULL"
6562,939,829,209,28,19,"1:51.021","","NULL"
6563,939,834,209,53,20,"1:51.523","","NULL"
6564,940,3,131,6,1,"1:33.015","1:32.632","1:32.584"
6565,940,1,131,44,2,"1:32.844","1:32.789","1:32.660"
6566,940,822,3,77,3,"1:34.326","1:33.416","1:33.024"
6567,940,20,6,5,4,"1:34.431","1:33.844","1:33.245"
6568,940,13,3,19,5,"1:34.744","1:33.377","1:33.337"
6569,940,8,6,7,6,"1:34.171","1:33.361","1:33.347"
6570,940,817,9,3,7,"1:34.399","1:34.153","1:33.497"
6571,940,154,208,8,8,"1:34.398","1:34.278","1:33.967"
6572,940,815,10,11,9,"1:35.001","1:34.174","NULL"
6573,940,826,9,26,10,"1:34.646","1:34.201","NULL"
6574,940,807,10,27,11,"1:35.328","1:34.390","NULL"
6575,940,832,5,55,12,"1:34.873","1:34.453","NULL"
6576,940,813,208,13,13,"1:34.796","1:34.497","NULL"
6577,940,4,1,14,14,"1:35.467","1:34.785","NULL"
6578,940,830,5,33,15,"1:34.522","","NULL"
6579,940,18,1,22,16,"1:35.664","","NULL"
6580,940,828,15,9,17,"1:35.673","","NULL"
6581,940,831,15,12,18,"1:35.760","","NULL"
6582,940,829,209,28,19,"1:38.783","","NULL"
6583,940,834,209,53,20,"1:47.114","","NULL"
6584,941,3,131,6,1,"1:38.343","1:37.500","1:37.113"
6585,941,1,131,44,2,"1:38.558","1:37.672","1:37.433"
6586,941,822,3,77,3,"1:38.448","1:38.194","1:37.912"
6587,941,20,6,5,4,"1:38.598","1:38.402","1:37.965"
6588,941,8,6,7,5,"1:39.207","1:38.224","1:38.348"
6589,941,807,10,27,6,"1:39.250","1:38.727","1:38.659"
6590,941,815,10,11,7,"1:39.617","1:38.914","1:38.691"
6591,941,154,208,8,8,"1:39.056","1:38.754","1:38.787"
6592,941,830,5,33,9,"1:39.411","1:39.119","1:38.924"
6593,941,817,9,3,10,"1:39.574","1:39.005","1:39.728"
6594,941,826,9,26,11,"1:39.580","1:39.214","NULL"
6595,941,831,15,12,12,"1:40.042","1:39.323","NULL"
6596,941,18,1,22,13,"1:39.739","1:39.763","NULL"
6597,941,813,208,13,14,"1:39.724","1:39.811","NULL"
6598,941,13,3,19,15,"1:38.926","1:39.895","NULL"
6599,941,4,1,14,16,"1:40.144","","NULL"
6600,941,828,15,9,17,"1:40.660","","NULL"
6601,941,829,206,28,18,"1:43.69","","NULL"
6602,941,833,206,98,19,"1:43.804","","NULL"
6603,942,3,131,6,1,"1:56.671","1:56.824","NULL"
6604,942,1,131,44,2,"1:56.871","1:56.929","NULL"
6605,942,817,9,3,3,"1:56.495","1:57.969","NULL"
6606,942,826,9,26,4,"1:57.640","1:58.434","NULL"
6607,942,20,6,5,5,"2:00.950","1:58.596","NULL"
6608,942,815,10,11,6,"1:59.264","1:59.210","NULL"
6609,942,807,10,27,7,"1:58.325","1:59.333","NULL"
6610,942,8,6,7,8,"1:58.198","1:59.703","NULL"
6611,942,13,3,19,9,"2:00.902","1:59.999","NULL"
6612,942,830,5,33,10,"1:58.689","2:00.199","NULL"
6613,942,4,1,14,11,"1:59.704","2:00.265","NULL"
6614,942,822,3,77,12,"1:59.569","2:00.334","NULL"
6615,942,154,208,8,13,"2:00.236","2:00.595","NULL"
6616,942,18,1,22,14,"2:00.261","2:01.193","NULL"
6617,942,813,208,13,15,"2:00.844","2:01.604","NULL"
6618,942,828,15,9,16,"2:02.212","","NULL"
6619,942,831,15,12,17,"2:03.194","","NULL"
6620,942,834,206,53,18,"2:04.176","","NULL"
6621,942,829,206,28,19,"2:04.526","","NULL"
6622,942,832,5,55,20,"2:07.304","","NULL"
6623,943,3,131,6,1,"1:20.436","1:20.053","1:19.480"
6624,943,1,131,44,2,"1:20.808","1:19.829","1:19.668"
6625,943,20,6,5,3,"1:20.503","1:20.045","1:19.850"
6626,943,826,9,26,4,"1:20.826","1:20.490","1:20.398"
6627,943,817,9,3,5,"1:21.166","1:20.783","1:20.399"
6628,943,822,3,77,6,"1:20.817","1:20.458","1:20.448"
6629,943,13,3,19,7,"1:21.379","1:20.642","1:20.567"
6630,943,830,5,33,8,"1:20.995","1:20.894","1:20.710"
6631,943,815,10,11,9,"1:20.966","1:20.669","1:20.716"
6632,943,807,10,27,10,"1:21.315","1:20.935","1:20.788"
6633,943,832,5,55,11,"1:20.960","1:20.942","NULL"
6634,943,154,208,8,12,"1:21.577","1:21.038","NULL"
6635,943,813,208,13,13,"1:21.520","1:21.261","NULL"
6636,943,828,15,9,14,"1:21.299","1:21.544","NULL"
6637,943,8,6,7,15,"1:21.422","1:22.494","NULL"
6638,943,4,1,14,16,"1:21.779","","NULL"
6639,943,831,15,12,17,"1:21.788","","NULL"
6640,943,834,206,53,18,"1:24.136","","NULL"
6641,943,829,206,28,19,"1:24.386","","NULL"
6642,943,18,1,22,20,"","","NULL"
6643,944,3,131,6,1,"1:11.746","1:12.213","1:11.282"
6644,944,1,131,44,2,"1:11.682","1:11.665","1:11.360"
6645,944,20,6,5,3,"1:12.240","1:11.928","1:11.804"
6646,944,822,3,77,4,"1:12.934","1:12.374","1:12.085"
6647,944,8,6,7,5,"1:12.185","1:12.243","1:12.144"
6648,944,807,10,27,6,"1:12.595","1:12.485","1:12.265"
6649,944,826,9,26,7,"1:12.730","1:12.527","1:12.322"
6650,944,13,3,19,8,"1:12.980","1:12.858","1:12.415"
6651,944,817,9,3,9,"1:12.639","1:12.825","1:12.417"
6652,944,830,5,33,10,"1:12.824","1:12.712","1:12.739"
6653,944,831,15,12,11,"1:13.111","1:12.989","NULL"
6654,944,832,5,55,12,"1:13.267","1:13.045","NULL"
6655,944,815,10,11,13,"1:13.140","1:13.147","NULL"
6656,944,828,15,9,14,"1:13.346","1:13.233","NULL"
6657,944,154,208,8,15,"1:13.056","1:13.913","NULL"
6658,944,813,208,13,16,"1:13.385","","NULL"
6659,944,18,1,22,17,"1:13.425","","NULL"
6660,944,834,206,53,18,"1:16.151","","NULL"
6661,944,829,206,28,19,"1:16.283","","NULL"
6662,944,4,1,14,20,"","","NULL"
6663,945,3,131,6,1,"1:41.111","1:40.979","1:40.237"
6664,945,1,131,44,2,"1:40.974","1:40.758","1:40.614"
6665,945,8,6,7,3,"1:42.500","1:41.612","1:41.051"
6666,945,815,10,11,4,"1:41.983","1:41.560","1:41.184"
6667,945,817,9,3,5,"1:42.275","1:41.830","1:41.444"
6668,945,822,3,77,6,"1:42.608","1:41.868","1:41.656"
6669,945,807,10,27,7,"1:41.996","1:41.925","1:41.686"
6670,945,13,3,19,8,"1:42.303","1:42.349","1:41.759"
6671,945,826,9,26,9,"1:42.540","1:42.328","1:41.933"
6672,945,832,5,55,10,"1:42.911","1:42.482","1:42.708"
6673,945,830,5,33,11,"1:42.889","1:42.521","NULL"
6674,945,18,1,22,12,"1:42.570","1:42.668","NULL"
6675,945,813,208,13,13,"1:42.929","1:42.807","NULL"
6676,945,831,15,12,14,"1:42.896","1:43.614","NULL"
6677,945,154,208,8,15,"1:42.585","","NULL"
6678,945,20,6,5,16,"1:42.941","","NULL"
6679,945,4,1,14,17,"1:43.187","","NULL"
6680,945,828,15,9,18,"1:43.838","","NULL"
6681,945,829,209,28,19,"1:46.297","","NULL"
6682,945,833,209,98,20,"1:47.434","","NULL"
6683,948,1,131,44,1,"1:25.351","1:24.605","1:23.837"
6684,948,3,131,6,2,"1:26.934","1:24.796","1:24.197"
6685,948,20,6,5,3,"1:26.945","1:25.257","1:24.675"
6686,948,8,6,7,4,"1:26.579","1:25.615","1:25.033"
6687,948,830,5,33,5,"1:26.934","1:25.615","1:25.434"
6688,948,13,3,19,6,"1:25.918","1:25.644","1:25.458"
6689,948,832,5,55,7,"1:27.057","1:25.384","1:25.582"
6690,948,817,9,3,8,"1:26.945","1:25.599","1:25.589"
6691,948,815,10,11,9,"1:26.607","1:25.753","NULL"
6692,948,807,10,27,10,"1:26.550","1:25.865","NULL"
6693,948,822,3,77,11,"1:27.135","1:25.961","NULL"
6694,948,4,1,14,12,"1:26.537","1:26.125","NULL"
6695,948,18,1,22,13,"1:26.740","1:26.304","NULL"
6696,948,835,4,30,14,"1:27.241","1:27.601","NULL"
6697,948,825,4,20,15,"1:27.297","1:27.742","NULL"
6698,948,828,15,9,16,"1:27.435","","NULL"
6699,948,831,15,12,17,"1:27.958","","NULL"
6700,948,826,9,26,18,"1:28.006","","NULL"
6701,948,154,210,8,19,"1:28.322","","NULL"
6702,948,821,210,21,20,"1:29.606","","NULL"
6703,948,837,209,88,21,"1:29.627","","NULL"
6704,948,836,209,94,22,"1:29.642","","NULL"
6705,949,1,131,44,1,"1:31.391","1:30.039","1:29.493"
6706,949,3,131,6,2,"1:31.325","1:30.535","1:29.570"
6707,949,20,6,5,3,"1:31.636","1:30.409","1:30.012"
6708,949,8,6,7,4,"1:31.685","1:30.559","1:30.244"
6709,949,817,9,3,5,"1:31.403","1:31.122","1:30.854"
6710,949,822,3,77,6,"1:31.672","1:30.931","1:31.153"
6711,949,13,3,19,7,"1:32.045","1:31.374","1:31.155"
6712,949,807,10,27,8,"1:31.987","1:31.604","1:31.620"
6713,949,154,210,8,9,"1:32.005","1:31.756","NULL"
6714,949,830,5,33,10,"1:31.888","1:31.772","NULL"
6715,949,832,5,55,11,"1:31.716","1:31.816","NULL"
6716,949,838,1,47,12,"1:32.472","1:31.934","NULL"
6717,949,821,210,21,13,"1:32.118","1:31.945","NULL"
6718,949,18,1,22,14,"1:31.976","1:31.998","NULL"
6719,949,826,9,26,15,"1:32.559","1:32.241","NULL"
6720,949,836,209,94,16,"1:32.806","","NULL"
6721,949,828,15,9,17,"1:32.840","","NULL"
6722,949,815,10,11,18,"1:32.911","","NULL"
6723,949,825,4,20,19,"1:33.181","","NULL"
6724,949,835,4,30,20,"1:33.438","","NULL"
6725,949,837,209,88,21,"1:34.190","","NULL"
6726,949,831,15,12,22,"1:34.388","","NULL"
6727,950,3,131,6,1,"1:37.669","1:36.240","1:35.402"
6728,950,817,9,3,2,"1:37.672","1:36.815","1:35.917"
6729,950,8,6,7,3,"1:37.347","1:36.118","1:35.972"
6730,950,20,6,5,4,"1:37.001","1:36.183","1:36.246"
6731,950,822,3,77,5,"1:37.537","1:36.831","1:36.296"
6732,950,826,9,26,6,"1:37.719","1:36.948","1:36.399"
6733,950,815,10,11,7,"1:38.096","1:37.149","1:36.865"
6734,950,832,5,55,8,"1:37.656","1:37.204","1:36.881"
6735,950,830,5,33,9,"1:38.181","1:37.265","1:37.194"
6736,950,807,10,27,10,"1:38.165","1:37.333","NULL"
6737,950,13,3,19,11,"1:38.016","1:37.347","NULL"
6738,950,4,1,14,12,"1:38.451","1:38.826","NULL"
6739,950,18,1,22,13,"1:37.593","1:39.093","NULL"
6740,950,154,210,8,14,"1:38.425","1:39.830","NULL"
6741,950,828,15,9,15,"1:38.321","1:40.742","NULL"
6742,950,831,15,12,16,"1:38.654","1:42.430","NULL"
6743,950,825,4,20,17,"1:38.673","","NULL"
6744,950,821,210,21,18,"1:38.770","","NULL"
6745,950,835,4,30,19,"1:39.528","","NULL"
6746,950,837,209,88,20,"1:40.264","","NULL"
6747,950,836,209,94,21,"","","NULL"
6748,950,1,131,44,22,"","","NULL"
6749,951,3,131,6,1,"1:36.119","1:35.337","1:35.417"
6750,951,20,6,5,2,"1:36.555","1:36.623","1:36.123"
6751,951,822,3,77,3,"1:37.746","1:37.140","1:36.536"
6752,951,8,6,7,4,"1:36.976","1:36.741","1:36.663"
6753,951,13,3,19,5,"1:37.753","1:37.230","1:37.016"
6754,951,817,9,3,6,"1:38.091","1:37.569","1:37.125"
6755,951,815,10,11,7,"1:38.006","1:37.282","1:37.212"
6756,951,826,9,26,8,"1:38.265","1:37.606","1:37.459"
6757,951,830,5,33,9,"1:38.123","1:37.510","1:37.583"
6758,951,1,131,44,10,"1:36.006","1:35.820","NULL"
6759,951,832,5,55,11,"1:37.784","1:37.652","NULL"
6760,951,18,1,22,12,"1:38.332","1:37.701","NULL"
6761,951,807,10,27,13,"1:38.562","1:37.771","NULL"
6762,951,4,1,14,14,"1:37.971","1:37.807","NULL"
6763,951,154,210,8,15,"1:38.383","1:38.055","NULL"
6764,951,821,210,21,16,"1:38.678","1:38.115","NULL"
6765,951,825,4,20,17,"1:38.914","","NULL"
6766,951,835,4,30,18,"1:39.009","","NULL"
6767,951,831,15,12,19,"1:39.018","","NULL"
6768,951,836,209,94,20,"1:39.399","","NULL"
6769,951,837,209,88,21,"1:39.463","","NULL"
6770,951,828,15,9,22,"1:39.519","","NULL"
6771,952,1,131,44,1,"1:23.214","1:22.159","1:22.000"
6772,952,3,131,6,2,"1:23.002","1:22.759","1:22.280"
6773,952,817,9,3,3,"1:23.749","1:23.585","1:22.680"
6774,952,830,9,33,4,"1:23.578","1:23.178","1:23.087"
6775,952,8,6,7,5,"1:23.796","1:23.504","1:23.113"
6776,952,20,6,5,6,"1:24.124","1:23.688","1:23.334"
6777,952,822,3,77,7,"1:24.251","1:24.023","1:23.522"
6778,952,832,5,55,8,"1:24.496","1:24.077","1:23.643"
6779,952,815,10,11,9,"1:24.698","1:24.003","1:23.782"
6780,952,4,1,14,10,"1:24.578","1:24.192","1:23.981"
6781,952,807,10,27,11,"1:24.463","1:24.203","NULL"
6782,952,18,1,22,12,"1:24.583","1:24.348","NULL"
6783,952,826,5,26,13,"1:24.696","1:24.445","NULL"
6784,952,154,210,8,14,"1:24.716","1:24.480","NULL"
6785,952,825,4,20,15,"1:24.669","1:24.625","NULL"
6786,952,821,210,21,16,"1:24.406","1:24.778","NULL"
6787,952,835,4,30,17,"1:24.903","","NULL"
6788,952,13,3,19,18,"1:24.941","","NULL"
6789,952,828,15,9,19,"1:25.202","","NULL"
6790,952,831,15,12,20,"1:25.579","","NULL"
6791,952,836,209,94,21,"1:25.745","","NULL"
6792,952,837,209,88,22,"1:25.939","","NULL"
6793,953,817,9,3,1,"1:14.912","1:14.357","1:13.622"
6794,953,3,131,6,2,"1:14.873","1:14.043","1:13.791"
6795,953,1,131,44,3,"1:14.826","1:14.056","1:13.942"
6796,953,20,6,5,4,"1:14.610","1:14.318","1:14.552"
6797,953,807,10,27,5,"1:15.333","1:14.989","1:14.726"
6798,953,8,6,7,6,"1:15.499","1:14.789","1:14.732"
6799,953,832,5,55,7,"1:15.467","1:14.805","1:14.749"
6800,953,815,10,11,8,"1:15.328","1:14.937","1:14.902"
6801,953,826,5,26,9,"1:15.384","1:14.794","1:15.273"
6802,953,4,1,14,10,"1:15.504","1:15.107","1:15.363"
6803,953,822,3,77,11,"1:15.521","1:15.273","NULL"
6804,953,821,210,21,12,"1:15.592","1:15.293","NULL"
6805,953,18,1,22,13,"1:15.554","1:15.352","NULL"
6806,953,13,3,19,14,"1:15.710","1:15.385","NULL"
6807,953,154,210,8,15,"1:15.465","1:15.571","NULL"
6808,953,825,4,20,16,"1:16.253","1:16.058","NULL"
6809,953,828,15,9,17,"1:16.299","","NULL"
6810,953,835,4,30,18,"1:16.586","","NULL"
6811,953,837,209,88,19,"1:17.295","","NULL"
6812,953,836,209,94,20,"1:17.452","","NULL"
6813,953,830,9,33,21,"1:22.467","","NULL"
6814,953,831,15,12,22,"","","NULL"
6815,954,1,131,44,1,"1:14.121","1:13.076","1:12.812"
6816,954,3,131,6,2,"1:13.714","1:13.094","1:12.874"
6817,954,20,6,5,3,"1:13.925","1:13.857","1:12.990"
6818,954,817,9,3,4,"1:14.030","1:13.540","1:13.166"
6819,954,830,9,33,5,"1:14.601","1:13.793","1:13.414"
6820,954,8,6,7,6,"1:14.477","1:13.849","1:13.579"
6821,954,822,3,77,7,"1:14.389","1:13.791","1:13.670"
6822,954,13,3,19,8,"1:14.815","1:13.864","1:13.769"
6823,954,807,10,27,9,"1:14.663","1:14.166","1:13.952"
6824,954,4,1,14,10,"1:15.026","1:14.260","1:14.338"
6825,954,815,10,11,11,"1:14.814","1:14.317","NULL"
6826,954,18,1,22,12,"1:14.755","1:14.437","NULL"
6827,954,826,5,26,13,"1:14.829","1:14.457","NULL"
6828,954,821,210,21,14,"1:15.148","1:14.571","NULL"
6829,954,154,210,8,15,"1:15.444","1:14.803","NULL"
6830,954,832,5,55,16,"1:14.714","1:21.956","NULL"
6831,954,835,4,30,17,"1:15.459","","NULL"
6832,954,836,209,94,18,"1:15.599","","NULL"
6833,954,828,15,9,19,"1:15.635","","NULL"
6834,954,831,15,12,20,"1:16.663","","NULL"
6835,954,837,209,88,21,"1:17.052","","NULL"
6836,955,3,131,6,1,"1:43.685","1:42.520","1:42.758"
6837,955,815,10,11,2,"1:44.462","1:43.939","1:43.515"
6838,955,817,9,3,3,"1:44.570","1:44.141","1:43.966"
6839,955,20,6,5,4,"1:45.062","1:44.461","1:43.966"
6840,955,8,6,7,5,"1:44.936","1:44.533","1:44.269"
6841,955,13,3,19,6,"1:45.494","1:44.696","1:44.483"
6842,955,826,5,26,7,"1:44.694","1:44.687","1:44.717"
6843,955,822,3,77,8,"1:44.706","1:44.477","1:45.246"
6844,955,830,9,33,9,"1:44.939","1:44.387","1:45.570"
6845,955,1,131,44,10,"1:44.259","1:43.526","2:01.954"
6846,955,154,210,8,11,"1:45.507","1:44.755","NULL"
6847,955,807,10,27,12,"1:44.860","1:44.824","NULL"
6848,955,832,5,55,13,"1:44.827","1:45.000","NULL"
6849,955,4,1,14,14,"1:45.525","1:45.270","NULL"
6850,955,821,210,21,15,"1:45.300","1:45.349","NULL"
6851,955,831,15,12,16,"1:45.549","1:46.048","NULL"
6852,955,837,209,88,17,"1:45.665","","NULL"
6853,955,836,209,94,18,"1:45.750","","NULL"
6854,955,18,1,22,19,"1:45.804","","NULL"
6855,955,828,15,9,20,"1:46.231","","NULL"
6856,955,825,4,20,21,"1:46.348","","NULL"
6857,955,835,4,30,22,"1:46.394","","NULL"
6858,956,1,131,44,1,"1:06.947","1:06.228","1:07.922"
6859,956,3,131,6,2,"1:06.516","1:06.403","1:08.465"
6860,956,807,10,27,3,"1:07.385","1:07.257","1:09.285"
6861,956,20,6,5,4,"1:06.761","1:06.602","1:09.781"
6862,956,18,1,22,5,"1:07.653","1:07.572","1:09.900"
6863,956,8,6,7,6,"1:07.240","1:06.940","1:09.901"
6864,956,817,9,3,7,"1:07.500","1:06.840","1:09.980"
6865,956,822,3,77,8,"1:07.148","1:06.911","1:10.440"
6866,956,830,9,33,9,"1:07.131","1:06.866","1:11.153"
6867,956,13,3,19,10,"1:07.419","1:07.145","1:11.977"
6868,956,821,210,21,11,"1:07.660","1:07.578","NULL"
6869,956,836,209,94,12,"1:07.565","1:07.700","NULL"
6870,956,154,210,8,13,"1:07.662","1:07.850","NULL"
6871,956,4,1,14,14,"1:07.671","1:08.154","NULL"
6872,956,832,5,55,15,"1:07.618","","NULL"
6873,956,815,10,11,16,"1:07.657","","NULL"
6874,956,825,4,20,17,"1:07.941","","NULL"
6875,956,835,4,30,18,"1:07.965","","NULL"
6876,956,837,209,88,19,"1:08.026","","NULL"
6877,956,826,5,26,20,"1:08.409","","NULL"
6878,956,828,15,9,21,"1:08.418","","NULL"
6879,956,831,15,12,22,"1:08.446","","NULL"
6880,957,1,131,44,1,"1:30.739","1:29.243","1:29.287"
6881,957,3,131,6,2,"1:30.724","1:29.970","1:29.606"
6882,957,830,9,33,3,"1:31.305","1:30.697","1:30.313"
6883,957,817,9,3,4,"1:31.684","1:31.319","1:30.618"
6884,957,8,6,7,5,"1:31.326","1:31.385","1:30.881"
6885,957,20,6,5,6,"1:31.606","1:30.711","1:31.490"
6886,957,822,3,77,7,"1:31.913","1:31.478","1:31.557"
6887,957,832,5,55,8,"1:32.115","1:31.708","1:31.989"
6888,957,807,10,27,9,"1:32.349","1:31.770","1:32.172"
6889,957,4,1,14,10,"1:32.281","1:31.740","1:32.343"
6890,957,815,10,11,11,"1:32.336","1:31.875","NULL"
6891,957,13,3,19,12,"1:32.146","1:32.002","NULL"
6892,957,154,210,8,13,"1:32.283","1:32.050","NULL"
6893,957,821,210,21,14,"1:32.237","1:32.241","NULL"
6894,957,826,5,26,15,"1:32.553","1:32.306","NULL"
6895,957,825,4,20,16,"1:32.729","1:37.060","NULL"
6896,957,18,1,22,17,"1:32.788","","NULL"
6897,957,835,4,30,18,"1:32.905","","NULL"
6898,957,837,209,88,19,"1:33.098","","NULL"
6899,957,836,209,94,20,"1:33.151","","NULL"
6900,957,831,15,12,21,"1:33.544","","NULL"
6901,958,3,131,6,1,"1:33.302","1:22.806","1:19.965"
6902,958,1,131,44,2,"1:34.210","1:24.836","1:20.108"
6903,958,817,9,3,3,"1:39.968","1:23.234","1:20.280"
6904,958,830,9,33,4,"1:40.424","1:22.660","1:20.557"
6905,958,20,6,5,5,"1:35.718","1:24.082","1:20.874"
6906,958,832,5,55,6,"1:36.115","1:24.734","1:21.131"
6907,958,4,1,14,7,"1:35.165","1:23.816","1:21.211"
6908,958,18,1,22,8,"1:37.983","1:24.456","1:21.597"
6909,958,807,10,27,9,"1:41.471","1:23.901","1:21.823"
6910,958,822,3,77,10,"1:42.758","1:24.506","1:22.182"
6911,958,154,210,8,11,"1:35.906","1:24.941","NULL"
6912,958,826,5,26,12,"1:36.714","1:25.301","NULL"
6913,958,815,10,11,13,"1:41.411","1:25.416","NULL"
6914,958,8,6,7,14,"1:36.853","1:25.435","NULL"
6915,958,821,210,21,15,"1:38.959","1:26.189","NULL"
6916,958,831,15,12,16,"1:37.772","1:27.063","NULL"
6917,958,835,4,30,17,"1:43.965","","NULL"
6918,958,13,3,19,18,"1:43.999","","NULL"
6919,958,825,4,20,19,"1:44.543","","NULL"
6920,958,828,15,9,20,"1:46.984","","NULL"
6921,958,836,209,94,21,"1:47.343","","NULL"
6922,958,837,209,88,22,"1:50.189","","NULL"
6923,959,3,131,6,1,"1:15.485","1:14.839","1:14.363"
6924,959,1,131,44,2,"1:15.243","1:14.748","1:14.470"
6925,959,817,9,3,3,"1:15.591","1:15.545","1:14.726"
6926,959,830,9,33,4,"1:15.875","1:15.124","1:14.834"
6927,959,8,6,7,5,"1:15.752","1:15.242","1:15.142"
6928,959,20,6,5,6,"1:15.927","1:15.630","1:15.315"
6929,959,807,10,27,7,"1:16.301","1:15.623","1:15.510"
6930,959,822,3,77,8,"1:15.952","1:15.490","1:15.530"
6931,959,815,10,11,9,"1:16.169","1:15.500","1:15.537"
6932,959,13,3,19,10,"1:16.503","1:15.699","1:15.615"
6933,959,821,210,21,11,"1:15.987","1:15.883","NULL"
6934,959,18,1,22,12,"1:16.172","1:15.909","NULL"
6935,959,832,5,55,13,"1:16.317","1:15.989","NULL"
6936,959,4,1,14,14,"1:16.338","1:16.041","NULL"
6937,959,154,210,8,15,"1:16.328","1:16.086","NULL"
6938,959,835,4,30,16,"1:16.636","1:16.665","NULL"
6939,959,825,4,20,17,"1:16.716","","NULL"
6940,959,836,209,94,18,"1:16.717","","NULL"
6941,959,826,5,26,19,"1:16.876","","NULL"
6942,959,837,209,88,20,"1:16.977","","NULL"
6943,959,831,15,12,21,"1:17.123","","NULL"
6944,959,828,15,9,22,"1:17.238","","NULL"
6945,960,3,131,6,1,"1:48.019","1:46.999","1:46.744"
6946,960,830,9,33,2,"1:48.407","1:47.163","1:46.893"
6947,960,8,6,7,3,"1:47.912","1:47.664","1:46.910"
6948,960,20,6,5,4,"1:47.802","1:47.944","1:47.108"
6949,960,817,9,3,5,"1:48.407","1:48.027","1:47.216"
6950,960,815,10,11,6,"1:48.106","1:47.485","1:47.407"
6951,960,807,10,27,7,"1:48.080","1:47.317","1:47.543"
6952,960,822,3,77,8,"1:48.655","1:47.918","1:47.612"
6953,960,18,1,22,9,"1:48.700","1:48.051","1:48.114"
6954,960,13,3,19,10,"1:47.738","1:47.667","1:48.263"
6955,960,154,210,8,11,"1:48.751","1:48.316","NULL"
6956,960,825,4,20,12,"1:48.800","1:48.485","NULL"
6957,960,821,210,21,13,"1:48.748","1:48.598","NULL"
6958,960,835,4,30,14,"1:48.901","1:48.888","NULL"
6959,960,832,5,55,15,"1:48.876","1:49.038","NULL"
6960,960,836,209,94,16,"1:48.554","1:49.320","NULL"
6961,960,831,15,12,17,"1:48.949","","NULL"
6962,960,839,209,31,18,"1:49.050","","NULL"
6963,960,826,5,26,19,"1:49.058","","NULL"
6964,960,828,15,9,20,"1:49.071","","NULL"
6965,960,1,131,44,21,"1:50.033","","NULL"
6966,961,1,131,44,1,"1:21.854","1:21.498","1:21.135"
6967,961,3,131,6,2,"1:22.497","1:21.809","1:21.613"
6968,961,20,6,5,3,"1:23.077","1:22.275","1:21.972"
6969,961,8,6,7,4,"1:23.217","1:22.568","1:22.065"
6970,961,822,3,77,5,"1:23.264","1:22.499","1:22.388"
6971,961,817,9,3,6,"1:23.158","1:22.638","1:22.389"
6972,961,830,9,33,7,"1:23.229","1:22.857","1:22.411"
6973,961,815,10,11,8,"1:23.439","1:22.922","1:22.814"
6974,961,807,10,27,9,"1:23.259","1:22.951","1:22.836"
6975,961,821,210,21,10,"1:23.386","1:22.856","1:23.184"
6976,961,13,3,19,11,"1:23.489","1:22.967","NULL"
6977,961,154,210,8,12,"1:23.421","1:23.092","NULL"
6978,961,4,1,14,13,"1:23.783","1:23.273","NULL"
6979,961,836,209,94,14,"1:23.760","1:23.315","NULL"
6980,961,18,1,22,15,"1:23.666","1:23.399","NULL"
6981,961,832,5,55,16,"1:23.661","1:23.496","NULL"
6982,961,826,5,26,17,"1:23.825","","NULL"
6983,961,831,15,12,18,"1:23.956","","NULL"
6984,961,828,15,9,19,"1:24.087","","NULL"
6985,961,835,4,30,20,"1:24.230","","NULL"
6986,961,825,4,20,21,"1:24.436","","NULL"
6987,962,3,131,6,1,"1:45.316","1:43.020","1:42.584"
6988,962,817,9,3,2,"1:44.255","1:43.933","1:43.115"
6989,962,1,131,44,3,"1:45.167","1:43.471","1:43.288"
6990,962,830,9,33,4,"1:45.036","1:44.112","1:43.328"
6991,962,8,6,7,5,"1:44.964","1:44.159","1:43.540"
6992,962,832,5,55,6,"1:45.499","1:44.493","1:44.197"
6993,962,826,5,26,7,"1:45.291","1:44.475","1:44.469"
6994,962,807,10,27,8,"1:46.081","1:44.737","1:44.479"
6995,962,4,1,14,9,"1:45.373","1:44.653","1:44.553"
6996,962,815,10,11,10,"1:45.204","1:44.703","1:44.582"
6997,962,822,3,77,11,"1:46.086","1:44.740","NULL"
6998,962,13,3,19,12,"1:46.056","1:44.991","NULL"
6999,962,18,1,22,13,"1:45.262","1:45.144","NULL"
7000,962,821,210,21,14,"1:45.465","1:45.593","NULL"
7001,962,154,210,8,15,"1:45.609","1:45.723","NULL"
7002,962,828,15,9,16,"1:46.427","1:47.827","NULL"
7003,962,825,4,20,17,"1:46.825","","NULL"
7004,962,831,15,12,18,"1:46.860","","NULL"
7005,962,835,4,30,19,"1:46.960","","NULL"
7006,962,836,209,94,20,"1:47.667","","NULL"
7007,962,839,209,31,21,"1:48.296","","NULL"
7008,962,20,6,5,22,"1:49.116","","NULL"
7009,963,1,131,44,1,"1:34.444","1:33.046","1:32.850"
7010,963,3,131,6,2,"1:34.460","1:33.609","1:33.264"
7011,963,830,9,33,3,"1:35.443","1:33.775","1:33.420"
7012,963,817,9,3,4,"1:35.079","1:33.888","1:33.467"
7013,963,20,6,5,5,"1:34.557","1:33.972","1:33.584"
7014,963,8,6,7,6,"1:34.556","1:33.903","1:33.632"
7015,963,815,10,11,7,"1:35.068","1:34.538","1:34.319"
7016,963,807,10,27,8,"1:34.827","1:34.441","1:34.489"
7017,963,18,1,22,9,"1:35.267","1:34.431","1:34.518"
7018,963,13,3,19,10,"1:35.267","1:34.422","1:34.671"
7019,963,822,3,77,11,"1:35.166","1:34.577","NULL"
7020,963,154,210,8,12,"1:35.400","1:35.001","NULL"
7021,963,821,210,21,13,"1:35.658","1:35.097","NULL"
7022,963,825,4,20,14,"1:35.593","1:35.277","NULL"
7023,963,826,5,26,15,"1:35.695","1:35.369","NULL"
7024,963,832,5,55,16,"1:35.605","1:35.374","NULL"
7025,963,828,15,9,17,"1:35.816","","NULL"
7026,963,831,15,12,18,"1:35.949","","NULL"
7027,963,835,4,30,19,"1:35.999","","NULL"
7028,963,839,209,31,20,"1:36.451","","NULL"
7029,963,836,209,94,21,"1:36.587","","NULL"
7030,963,4,1,14,22,"1:37.155","","NULL"
7031,964,3,131,6,1,"1:31.858","1:30.714","1:30.647"
7032,964,1,131,44,2,"1:32.218","1:31.129","1:30.660"
7033,964,8,6,7,3,"1:31.674","1:31.406","1:30.949"
7034,964,20,6,5,4,"1:31.659","1:31.227","1:31.028"
7035,964,830,9,33,5,"1:32.487","1:31.489","1:31.178"
7036,964,817,9,3,6,"1:32.538","1:31.719","1:31.240"
7037,964,815,10,11,7,"1:32.682","1:32.237","1:31.961"
7038,964,154,210,8,8,"1:32.458","1:32.176","1:31.961"
7039,964,807,10,27,9,"1:32.448","1:32.200","1:32.142"
7040,964,821,210,21,10,"1:32.620","1:32.155","1:32.547"
7041,964,822,3,77,11,"1:32.383","1:32.315","NULL"
7042,964,13,3,19,12,"1:32.562","1:32.380","NULL"
7043,964,826,5,26,13,"1:32.645","1:32.623","NULL"
7044,964,832,5,55,14,"1:32.789","1:32.685","NULL"
7045,964,4,1,14,15,"1:32.819","1:32.689","NULL"
7046,964,835,4,30,16,"1:32.796","1:32.807","NULL"
7047,964,18,1,22,17,"1:32.851","","NULL"
7048,964,825,4,20,18,"1:33.023","","NULL"
7049,964,828,15,9,19,"1:33.222","","NULL"
7050,964,831,15,12,20,"1:33.332","","NULL"
7051,964,839,209,31,21,"1:33.353","","NULL"
7052,964,836,209,94,22,"1:33.561","","NULL"
7053,965,1,131,44,1,"1:36.296","1:36.450","1:34.999"
7054,965,3,131,6,2,"1:36.397","1:36.351","1:35.215"
7055,965,817,9,3,3,"1:36.759","1:36.255","1:35.509"
7056,965,830,9,33,4,"1:36.613","1:36.857","1:35.747"
7057,965,8,6,7,5,"1:36.985","1:36.584","1:36.131"
7058,965,20,6,5,6,"1:37.151","1:36.462","1:36.358"
7059,965,807,10,27,7,"1:36.950","1:36.626","1:36.628"
7060,965,822,3,77,8,"1:37.456","1:37.202","1:37.116"
7061,965,13,3,19,9,"1:37.402","1:37.214","1:37.269"
7062,965,832,5,55,10,"1:37.744","1:37.175","1:37.326"
7063,965,815,10,11,11,"1:37.345","1:37.353","NULL"
7064,965,4,1,14,12,"1:37.913","1:37.417","NULL"
7065,965,826,5,26,13,"1:37.844","1:37.480","NULL"
7066,965,821,210,21,14,"1:38.053","1:37.773","NULL"
7067,965,835,4,30,15,"1:38.084","1:37.935","NULL"
7068,965,828,15,9,16,"1:38.040","1:39.356","NULL"
7069,965,154,210,8,17,"1:38.308","","NULL"
7070,965,825,4,20,18,"1:38.317","","NULL"
7071,965,18,1,22,19,"1:38.327","","NULL"
7072,965,836,209,94,20,"1:38.548","","NULL"
7073,965,831,15,12,21,"1:38.583","","NULL"
7074,965,839,209,31,22,"1:38.806","","NULL"
7075,966,1,131,44,1,"1:19.447","1:19.137","1:18.704"
7076,966,3,131,6,2,"1:19.996","1:19.761","1:18.958"
7077,966,830,9,33,3,"1:19.874","1:18.972","1:19.054"
7078,966,817,9,3,4,"1:19.713","1:19.553","1:19.133"
7079,966,807,10,27,5,"1:20.599","1:19.769","1:19.330"
7080,966,8,6,7,6,"1:19.554","1:19.936","1:19.376"
7081,966,20,6,5,7,"1:19.865","1:19.385","1:19.381"
7082,966,822,3,77,8,"1:20.338","1:19.958","1:19.551"
7083,966,13,3,19,9,"1:20.423","1:20.151","1:20.032"
7084,966,832,5,55,10,"1:20.457","1:20.169","1:20.378"
7085,966,4,1,14,11,"1:20.552","1:20.282","NULL"
7086,966,815,10,11,12,"1:20.308","1:20.287","NULL"
7087,966,18,1,22,13,"1:21.333","1:20.673","NULL"
7088,966,825,4,20,14,"1:21.254","1:21.131","NULL"
7089,966,828,15,9,15,"1:21.062","1:21.536","NULL"
7090,966,836,209,94,16,"1:21.363","1:21.785","NULL"
7091,966,821,210,21,17,"1:21.401","","NULL"
7092,966,826,5,26,18,"1:21.454","","NULL"
7093,966,831,15,12,19,"1:21.692","","NULL"
7094,966,839,209,31,20,"1:21.881","","NULL"
7095,966,154,210,8,21,"1:21.916","","NULL"
7096,967,1,131,44,1,"1:11.511","1:11.238","1:10.736"
7097,967,3,131,6,2,"1:11.815","1:11.373","1:10.838"
7098,967,8,6,7,3,"1:12.100","1:12.301","1:11.404"
7099,967,830,9,33,4,"1:11.957","1:11.834","1:11.485"
7100,967,20,6,5,5,"1:12.159","1:12.010","1:11.495"
7101,967,817,9,3,6,"1:12.409","1:12.047","1:11.540"
7102,967,154,210,8,7,"1:12.893","1:12.343","1:11.937"
7103,967,807,10,27,8,"1:12.428","1:12.360","1:12.104"
7104,967,815,10,11,9,"1:12.684","1:12.331","1:12.165"
7105,967,4,1,14,10,"1:12.700","1:12.312","1:12.266"
7106,967,822,3,77,11,"1:12.680","1:12.420","NULL"
7107,967,821,210,21,12,"1:13.052","1:12.431","NULL"
7108,967,13,3,19,13,"1:12.432","1:12.521","NULL"
7109,967,826,5,26,14,"1:13.071","1:12.726","NULL"
7110,967,832,5,55,15,"1:12.950","1:12.920","NULL"
7111,967,835,4,30,16,"1:13.259","1:13.258","NULL"
7112,967,18,1,22,17,"1:13.276","","NULL"
7113,967,825,4,20,18,"1:13.410","","NULL"
7114,967,836,209,94,19,"1:13.427","","NULL"
7115,967,839,209,31,20,"1:13.432","","NULL"
7116,967,828,15,9,21,"1:13.623","","NULL"
7117,967,831,15,12,22,"1:13.681","","NULL"
7118,968,1,131,44,1,"1:39.487","1:39.382","1:38.755"
7119,968,3,131,6,2,"1:40.511","1:39.490","1:39.058"
7120,968,817,9,3,3,"1:41.002","1:40.429","1:39.589"
7121,968,8,6,7,4,"1:40.338","1:39.629","1:39.604"
7122,968,20,6,5,5,"1:40.341","1:40.034","1:39.661"
7123,968,830,9,33,6,"1:40.424","1:39.903","1:39.818"
7124,968,807,10,27,7,"1:41.000","1:40.709","1:40.501"
7125,968,815,10,11,8,"1:40.864","1:40.743","1:40.519"
7126,968,4,1,14,9,"1:41.616","1:41.044","1:41.106"
7127,968,13,3,19,10,"1:41.157","1:40.858","1:41.213"
7128,968,822,3,77,11,"1:41.192","1:41.084","NULL"
7129,968,18,1,22,12,"1:41.158","1:41.272","NULL"
7130,968,821,210,21,13,"1:41.639","1:41.480","NULL"
7131,968,154,210,8,14,"1:41.467","1:41.564","NULL"
7132,968,835,4,30,15,"1:41.775","1:41.820","NULL"
7133,968,836,209,94,16,"1:41.886","1:41.995","NULL"
7134,968,826,5,26,17,"1:42.003","","NULL"
7135,968,825,4,20,18,"1:42.142","","NULL"
7136,968,831,15,12,19,"1:42.247","","NULL"
7137,968,839,209,31,20,"1:42.286","","NULL"
7138,968,832,5,55,21,"1:42.393","","NULL"
7139,968,828,15,9,22,"1:42.637","","NULL"
7140,969,1,131,44,1,"1:24.191","1:23.251","1:22.188"
7141,969,20,6,5,2,"1:25.210","1:23.401","1:22.456"
7142,969,822,131,77,3,"1:24.514","1:23.215","1:22.481"
7143,969,8,6,7,4,"1:24.352","1:23.376","1:23.033"
7144,969,830,9,33,5,"1:24.482","1:24.092","1:23.485"
7145,969,154,210,8,6,"1:25.419","1:24.718","1:24.074"
7146,969,13,3,19,7,"1:25.099","1:24.597","1:24.443"
7147,969,832,5,55,8,"1:25.542","1:24.997","1:24.487"
7148,969,826,5,26,9,"1:25.970","1:24.864","1:24.512"
7149,969,817,9,3,10,"1:25.383","1:23.989","NULL"
7150,969,815,10,11,11,"1:25.064","1:25.081","NULL"
7151,969,807,4,27,12,"1:24.975","1:25.091","NULL"
7152,969,4,1,14,13,"1:25.872","1:25.425","NULL"
7153,969,839,10,31,14,"1:26.009","1:25.568","NULL"
7154,969,828,15,9,15,"1:26.236","1:26.465","NULL"
7155,969,841,15,36,16,"1:26.419","","NULL"
7156,969,825,210,20,17,"1:26.847","","NULL"
7157,969,838,1,2,18,"1:26.858","","NULL"
7158,969,840,3,18,19,"1:27.143","","NULL"
7159,969,835,4,30,20,"1:28.244","","NULL"
7160,970,1,131,44,1,"1:33.333","1:32.406","1:31.678"
7161,970,20,6,5,2,"1:33.078","1:32.391","1:31.864"
7162,970,822,131,77,3,"1:33.684","1:32.552","1:31.865"
7163,970,8,6,7,4,"1:33.341","1:32.181","1:32.140"
7164,970,817,9,3,5,"1:34.041","1:33.546","1:33.033"
7165,970,13,3,19,6,"1:34.205","1:33.759","1:33.507"
7166,970,807,4,27,7,"1:34.453","1:33.636","1:33.580"
7167,970,815,10,11,8,"1:34.657","1:33.920","1:33.706"
7168,970,826,5,26,9,"1:34.440","1:34.034","1:33.719"
7169,970,840,3,18,10,"1:33.986","1:34.090","1:34.220"
7170,970,832,5,55,11,"1:34.567","1:34.150","NULL"
7171,970,825,210,20,12,"1:34.942","1:34.164","NULL"
7172,970,4,1,14,13,"1:34.499","1:34.372","NULL"
7173,970,828,15,9,14,"1:34.892","1:35.046","NULL"
7174,970,841,15,36,15,"1:34.963","","NULL"
7175,970,838,1,2,16,"1:35.023","","NULL"
7176,970,154,210,8,17,"1:35.223","","NULL"
7177,970,835,4,30,18,"1:35.279","","NULL"
7178,970,830,9,33,19,"1:35.433","","NULL"
7179,970,839,10,31,20,"1:35.496","","NULL"
7180,971,822,131,77,1,"1:31.041","1:29.555","1:28.769"
7181,971,1,131,44,2,"1:30.814","1:29.535","1:28.792"
7182,971,20,6,5,3,"1:31.037","1:29.596","1:29.247"
7183,971,817,9,3,4,"1:31.667","1:30.497","1:29.545"
7184,971,8,6,7,5,"1:30.988","1:29.843","1:29.567"
7185,971,830,9,33,6,"1:30.904","1:30.307","1:29.687"
7186,971,807,4,27,7,"1:31.057","1:30.169","1:29.842"
7187,971,13,3,19,8,"1:31.373","1:30.677","1:30.074"
7188,971,154,210,8,9,"1:31.691","1:30.857","1:30.763"
7189,971,835,4,30,10,"1:31.458","1:30.899","1:31.074"
7190,971,826,5,26,11,"1:31.531","1:30.923","NULL"
7191,971,840,3,18,12,"1:31.748","1:31.168","NULL"
7192,971,836,15,94,13,"1:31.995","1:31.414","NULL"
7193,971,839,10,31,14,"1:31.774","1:31.684","NULL"
7194,971,4,1,14,15,"1:32.054","","NULL"
7195,971,832,5,55,16,"1:32.118","","NULL"
7196,971,838,1,2,17,"1:32.313","","NULL"
7197,971,815,10,11,18,"1:32.318","","NULL"
7198,971,828,15,9,19,"1:32.543","","NULL"
7199,971,825,210,20,20,"1:32.900","","NULL"
7200,972,20,6,5,1,"1:34.493","1:34.038","1:33.194"
7201,972,8,6,7,2,"1:34.953","1:33.663","1:33.253"
7202,972,822,131,77,3,"1:34.041","1:33.264","1:33.289"
7203,972,1,131,44,4,"1:34.409","1:33.760","1:33.767"
7204,972,817,9,3,5,"1:35.560","1:35.483","1:34.905"
7205,972,13,3,19,6,"1:35.828","1:35.049","1:35.110"
7206,972,830,9,33,7,"1:35.301","1:35.221","1:35.161"
7207,972,807,4,27,8,"1:35.507","1:35.328","1:35.285"
7208,972,815,10,11,9,"1:36.185","1:35.513","1:35.337"
7209,972,839,10,31,10,"1:35.372","1:35.729","1:35.430"
7210,972,832,5,55,11,"1:35.827","1:35.948","NULL"
7211,972,840,3,18,12,"1:36.279","1:35.964","NULL"
7212,972,826,5,26,13,"1:35.984","1:35.968","NULL"
7213,972,825,210,20,14,"1:36.408","1:36.017","NULL"
7214,972,4,1,14,15,"1:36.353","1:36.660","NULL"
7215,972,835,4,30,16,"1:36.462","","NULL"
7216,972,838,1,2,17,"1:37.070","","NULL"
7217,972,836,15,94,18,"1:37.332","","NULL"
7218,972,828,15,9,19,"1:37.507","","NULL"
7219,972,154,210,8,20,"1:37.620","","NULL"
7220,973,1,131,44,1,"1:20.511","1:20.210","1:19.149"
7221,973,20,6,5,2,"1:20.939","1:20.295","1:19.200"
7222,973,822,131,77,3,"1:20.991","1:20.300","1:19.373"
7223,973,8,6,7,4,"1:20.742","1:20.621","1:19.439"
7224,973,830,9,33,5,"1:21.430","1:20.722","1:19.706"
7225,973,817,9,3,6,"1:21.704","1:20.855","1:20.175"
7226,973,4,1,14,7,"1:22.015","1:21.251","1:21.048"
7227,973,815,10,11,8,"1:21.998","1:21.239","1:21.070"
7228,973,13,3,19,9,"1:22.138","1:21.222","1:21.232"
7229,973,839,10,31,10,"1:21.901","1:21.148","1:21.272"
7230,973,825,210,20,11,"1:21.945","1:21.329","NULL"
7231,973,832,5,55,12,"1:21.941","1:21.371","NULL"
7232,973,807,4,27,13,"1:22.091","1:21.397","NULL"
7233,973,154,210,8,14,"1:21.822","1:21.517","NULL"
7234,973,836,15,94,15,"1:22.327","1:21.803","NULL"
7235,973,828,15,9,16,"1:22.332","","NULL"
7236,973,835,4,30,17,"1:22.401","","NULL"
7237,973,840,3,18,18,"1:22.411","","NULL"
7238,973,838,1,2,19,"1:22.532","","NULL"
7239,973,826,5,26,20,"1:22.746","","NULL"
7240,974,8,6,7,1,"1:13.117","1:12.231","1:12.178"
7241,974,20,6,5,2,"1:13.090","1:12.449","1:12.221"
7242,974,822,131,77,3,"1:13.325","1:12.901","1:12.223"
7243,974,830,9,33,4,"1:13.078","1:12.697","1:12.496"
7244,974,817,9,3,5,"1:13.219","1:13.011","1:12.998"
7245,974,832,5,55,6,"1:13.526","1:13.397","1:13.162"
7246,974,815,10,11,7,"1:13.530","1:13.430","1:13.329"
7247,974,154,210,8,8,"1:13.786","1:13.203","1:13.349"
7248,974,18,1,22,9,"1:13.723","1:13.453","1:13.613"
7249,974,838,1,2,10,"1:13.476","1:13.249","NULL"
7250,974,826,5,26,11,"1:13.899","1:13.516","NULL"
7251,974,807,4,27,12,"1:13.787","1:13.628","NULL"
7252,974,825,210,20,13,"1:13.531","1:13.959","NULL"
7253,974,1,131,44,14,"1:13.640","1:14.106","NULL"
7254,974,13,3,19,15,"1:13.796","1:20.529","NULL"
7255,974,839,10,31,16,"1:14.101","","NULL"
7256,974,835,4,30,17,"1:14.696","","NULL"
7257,974,840,3,18,18,"1:14.893","","NULL"
7258,974,836,15,94,19,"1:15.159","","NULL"
7259,974,828,15,9,20,"1:15.276","","NULL"
7260,975,1,131,44,1,"1:12.692","1:12.496","1:11.459"
7261,975,20,6,5,2,"1:13.046","1:12.749","1:11.789"
7262,975,822,131,77,3,"1:12.685","1:12.563","1:12.177"
7263,975,8,6,7,4,"1:13.548","1:12.580","1:12.252"
7264,975,830,9,33,5,"1:13.177","1:12.751","1:12.403"
7265,975,817,9,3,6,"1:13.543","1:12.810","1:12.557"
7266,975,13,3,19,7,"1:13.435","1:13.012","1:12.858"
7267,975,815,10,11,8,"1:13.470","1:13.262","1:13.018"
7268,975,839,10,31,9,"1:13.520","1:13.320","1:13.135"
7269,975,807,4,27,10,"1:13.804","1:13.406","1:13.271"
7270,975,826,5,26,11,"1:13.802","1:13.690","NULL"
7271,975,4,1,14,12,"1:13.669","1:13.693","NULL"
7272,975,832,5,55,13,"1:14.051","1:13.756","NULL"
7273,975,154,210,8,14,"1:13.780","1:13.839","NULL"
7274,975,835,4,30,15,"1:13.990","1:14.293","NULL"
7275,975,838,1,2,16,"1:14.182","","NULL"
7276,975,840,3,18,17,"1:14.209","","NULL"
7277,975,825,210,20,18,"1:14.318","","NULL"
7278,975,828,15,9,19,"1:14.495","","NULL"
7279,975,836,15,94,20,"1:14.810","","NULL"
7280,976,1,131,44,1,"1:41.983","1:41.275","1:40.593"
7281,976,822,131,77,2,"1:43.026","1:41.502","1:41.027"
7282,976,8,6,7,3,"1:42.678","1:42.090","1:41.693"
7283,976,20,6,5,4,"1:42.952","1:41.911","1:41.841"
7284,976,830,9,33,5,"1:42.544","1:41.961","1:41.879"
7285,976,815,10,11,6,"1:43.162","1:42.467","1:42.111"
7286,976,839,10,31,7,"1:43.051","1:42.751","1:42.186"
7287,976,840,3,18,8,"1:43.613","1:42.284","1:42.753"
7288,976,13,3,19,9,"1:43.165","1:42.735","1:42.798"
7289,976,817,9,3,10,"1:42.857","1:42.215","1:43.414"
7290,976,826,5,26,11,"1:42.927","1:43.186","NULL"
7291,976,832,5,55,12,"1:43.489","1:43.347","NULL"
7292,976,825,210,20,13,"1:44.029","1:43.796","NULL"
7293,976,807,4,27,14,"1:43.930","1:44.267","NULL"
7294,976,836,15,94,15,"1:44.317","1:44.603","NULL"
7295,976,4,1,14,16,"1:44.334","","NULL"
7296,976,154,210,8,17,"1:44.468","","NULL"
7297,976,828,15,9,18,"1:44.795","","NULL"
7298,976,838,1,2,19,"1:45.030","","NULL"
7300,977,822,131,77,1,"1:05.760","1:04.316","1:04.251"
7301,977,20,6,5,2,"1:05.585","1:04.772","1:04.293"
7302,977,1,131,44,3,"1:05.064","1:04.800","1:04.424"
7303,977,8,6,7,4,"1:05.148","1:05.004","1:04.779"
7304,977,817,9,3,5,"1:05.854","1:05.161","1:04.896"
7305,977,830,9,33,6,"1:05.779","1:04.948","1:04.983"
7306,977,154,210,8,7,"1:05.902","1:05.319","1:05.480"
7307,977,815,10,11,8,"1:05.975","1:05.435","1:05.605"
7308,977,839,10,31,9,"1:06.033","1:05.550","1:05.674"
7309,977,832,5,55,10,"1:05.675","1:05.544","1:05.726"
7310,977,807,4,27,11,"1:06.174","1:05.597","NULL"
7311,977,4,1,14,12,"1:06.158","1:05.602","NULL"
7312,977,838,1,2,13,"1:06.316","1:05.741","NULL"
7313,977,826,5,26,14,"1:05.990","1:05.884","NULL"
7314,977,825,210,20,15,"1:06.143","","NULL"
7315,977,835,4,30,16,"1:06.345","","NULL"
7316,977,13,3,19,17,"1:06.534","","NULL"
7317,977,840,3,18,18,"1:06.608","","NULL"
7318,977,828,15,9,19,"1:06.857","","NULL"
7319,977,836,15,94,20,"1:07.011","","NULL"
7320,978,1,131,44,1,"1:39.069","1:27.893","1:26.600"
7321,978,8,6,7,2,"1:40.455","1:28.992","1:27.147"
7322,978,20,6,5,3,"1:39.962","1:28.978","1:27.356"
7323,978,822,131,77,4,"1:39.698","1:28.732","1:27.376"
7324,978,830,9,33,5,"1:38.912","1:29.431","1:28.130"
7325,978,807,4,27,6,"1:39.201","1:29.340","1:28.856"
7326,978,815,10,11,7,"1:42.009","1:29.824","1:28.902"
7327,978,839,10,31,8,"1:39.738","1:29.701","1:29.074"
7328,978,838,1,2,9,"1:40.011","1:30.105","1:29.418"
7329,978,154,210,8,10,"1:42.042","1:29.966","1:29.549"
7330,978,835,4,30,11,"1:41.404","1:30.193","NULL"
7331,978,826,5,26,12,"1:41.726","1:30.355","NULL"
7332,978,4,1,14,13,"1:37.598","1:30.600","NULL"
7333,978,832,5,55,14,"1:41.114","1:31.368","NULL"
7334,978,13,3,19,15,"1:41.874","1:31.482","NULL"
7335,978,840,3,18,16,"1:42.573","","NULL"
7336,978,825,210,20,17,"1:42.577","","NULL"
7337,978,836,15,94,18,"1:42.593","","NULL"
7338,978,828,15,9,19,"1:42.633","","NULL"
7339,978,817,9,3,20,"1:42.966","","NULL"
7340,979,20,6,5,1,"1:17.244","1:16.802","1:16.276"
7341,979,8,6,7,2,"1:17.364","1:17.207","1:16.444"
7342,979,822,131,77,3,"1:18.058","1:17.362","1:16.530"
7343,979,1,131,44,4,"1:17.492","1:16.693","1:16.707"
7344,979,830,9,33,5,"1:17.266","1:17.028","1:16.797"
7345,979,817,9,3,6,"1:17.702","1:17.698","1:16.818"
7346,979,807,4,27,7,"1:18.137","1:17.655","1:17.468"
7347,979,4,1,14,8,"1:18.395","1:17.919","1:17.549"
7348,979,838,1,2,9,"1:18.479","1:18.000","1:17.894"
7349,979,832,5,55,10,"1:18.948","1:18.311","1:18.912"
7350,979,835,4,30,11,"1:18.699","1:18.415","NULL"
7351,979,839,10,31,12,"1:18.843","1:18.495","NULL"
7352,979,826,5,26,13,"1:18.702","1:18.538","NULL"
7353,979,815,10,11,14,"1:19.095","1:18.639","NULL"
7354,979,154,210,8,15,"1:19.085","1:18.771","NULL"
7355,979,825,210,20,16,"1:19.095","","NULL"
7356,979,840,3,18,17,"1:19.102","","NULL"
7357,979,836,15,94,18,"1:19.839","","NULL"
7358,979,814,3,40,19,"1:19.868","","NULL"
7359,979,828,15,9,20,"1:19.972","","NULL"
7360,980,1,131,44,1,"1:44.184","1:42.927","1:42.553"
7361,980,20,6,5,2,"1:44.275","1:43.987","1:42.795"
7362,980,822,131,77,3,"1:44.773","1:43.249","1:43.094"
7363,980,8,6,7,4,"1:44.729","1:43.700","1:43.270"
7364,980,830,9,33,5,"1:44.535","1:43.940","1:43.380"
7365,980,817,9,3,6,"1:45.114","1:44.224","1:43.863"
7366,980,807,4,27,7,"1:45.280","1:44.988","1:44.982"
7367,980,815,10,11,8,"1:45.591","1:44.894","1:45.244"
7368,980,839,10,31,9,"1:45.277","1:45.006","1:45.369"
7369,980,835,4,30,10,"1:45.447","1:44.685","NULL"
7370,980,4,1,14,11,"1:45.668","1:45.090","NULL"
7371,980,154,210,8,12,"1:45.728","1:45.133","NULL"
7372,980,825,210,20,13,"1:45.535","1:45.400","NULL"
7373,980,832,5,55,14,"1:45.374","1:45.439","NULL"
7374,980,838,1,2,15,"1:45.441","","NULL"
7375,980,13,3,19,16,"1:45.823","","NULL"
7376,980,826,5,26,17,"1:46.028","","NULL"
7377,980,840,3,18,18,"1:46.915","","NULL"
7378,980,828,15,9,19,"1:47.214","","NULL"
7379,980,836,15,94,20,"1:47.679","","NULL"
7380,981,1,131,44,1,"1:36.009","1:34.660","1:35.554"
7381,981,830,9,33,2,"1:37.344","1:36.113","1:36.702"
7382,981,817,9,3,3,"1:38.304","1:37.313","1:36.841"
7383,981,840,3,18,4,"1:37.653","1:37.002","1:37.032"
7384,981,839,10,31,5,"1:38.775","1:37.580","1:37.719"
7385,981,822,131,77,6,"1:35.716","1:35.396","1:37.833"
7386,981,8,6,7,7,"1:38.235","1:37.031","1:37.987"
7387,981,20,6,5,8,"1:37.198","1:36.223","1:38.064"
7388,981,13,3,19,9,"1:38.338","1:37.456","1:38.251"
7389,981,838,1,2,10,"1:38.767","1:37.471","1:39.157"
7390,981,815,10,11,11,"1:38.511","1:37.582",""
7391,981,807,4,27,12,"1:39.242","1:38.059",""
7392,981,4,1,14,13,"1:39.134","1:38.202",""
7393,981,826,5,26,14,"1:39.183","1:38.245",""
7394,981,832,5,55,15,"1:39.788","1:38.526",""
7395,981,825,210,20,16,"1:40.489","",""
7396,981,835,4,30,17,"1:40.646","",""
7397,981,828,15,9,18,"1:41.732","",""
7398,981,836,15,94,19,"1:41.875","",""
7399,981,154,210,8,20,"1:43.355","","NULL"
7400,982,20,6,5,1,"1:43.336","1:40.529","1:39.491"
7401,982,830,9,33,2,"1:42.010","1:40.332","1:39.814"
7402,982,817,9,3,3,"1:42.063","1:40.385","1:39.840"
7403,982,8,6,7,4,"1:43.328","1:40.525","1:40.069"
7404,982,1,131,44,5,"1:42.455","1:40.577","1:40.126"
7405,982,822,131,77,6,"1:43.137","1:41.409","1:40.810"
7406,982,807,4,27,7,"1:42.586","1:41.277","1:41.013"
7407,982,4,1,14,8,"1:42.086","1:41.442","1:41.179"
7408,982,838,1,2,9,"1:42.222","1:41.227","1:41.398"
7409,982,832,5,55,10,"1:42.176","1:41.826","1:42.056"
7410,982,835,4,30,11,"1:42.472","1:42.107","NULL"
7411,982,815,10,11,12,"1:43.594","1:42.246","NULL"
7412,982,826,5,26,13,"1:42.544","1:42.338","NULL"
7413,982,839,10,31,14,"1:43.626","1:42.760","NULL"
7414,982,154,210,8,15,"1:43.627","1:43.883","NULL"
7415,982,825,210,20,16,"1:43.756","","NULL"
7416,982,13,3,19,17,"1:44.014","","NULL"
7417,982,840,3,18,18,"1:44.728","","NULL"
7418,982,836,15,94,19,"1:45.059","","NULL"
7419,982,828,15,9,20,"1:45.570","","NULL"
7420,983,1,131,44,1,"1:31.605","1:30.977","1:30.076"
7421,983,8,6,7,2,"1:32.259","1:30.926","1:30.121"
7422,983,830,9,33,3,"1:31.920","1:30.931","1:30.541"
7423,983,817,9,3,4,"1:32.416","1:31.061","1:30.595"
7424,983,20,6,5,20,"","",""
7425,983,839,10,31,6,"1:32.527","1:31.651","1:31.478"
7426,983,838,1,2,7,"1:32.838","1:31.848","1:31.582"
7427,983,807,4,27,8,"1:32.586","1:31.778","1:31.607"
7428,983,815,10,11,9,"1:32.768","1:31.484","1:31.658"
7429,983,4,1,14,10,"1:33.049","1:32.010","1:31.704"
7430,983,13,3,19,11,"1:32.267","1:32.034",""
7431,983,835,4,30,12,"1:32.576","1:32.100",""
7432,983,840,3,18,13,"1:33.000","1:32.307",""
7433,983,832,5,55,14,"1:32.650","1:32.402",""
7434,983,842,5,10,15,"1:32.547","1:32.558",""
7435,983,154,210,8,16,"1:33.308","",""
7436,983,825,210,20,17,"1:33.434","",""
7437,983,836,15,94,18,"1:33.483","",""
7438,983,828,15,9,19,"1:33.970","",""
7439,983,822,131,77,5,"1:32.254","1:30.803","1:30.758"
7440,984,1,131,44,1,"1:29.047","1:27.819","1:27.319"
7441,984,822,131,77,2,"1:29.332","1:28.543","1:27.651"
7442,984,20,6,5,3,"1:29.352","1:28.225","1:27.791"
7443,984,817,9,3,4,"1:29.475","1:28.935","1:28.306"
7444,984,830,9,33,5,"1:29.181","1:28.747","1:28.332"
7445,984,8,6,7,6,"1:29.163","1:29.079","1:28.498"
7446,984,839,10,31,7,"1:30.115","1:29.199","1:29.111"
7447,984,815,10,11,8,"1:29.696","1:29.343","1:29.260"
7448,984,13,3,19,9,"1:30.352","1:29.687","1:29.480"
7449,984,4,1,14,10,"1:30.525","1:29.749","1:30.687"
7450,984,838,1,2,11,"1:30.654","1:29.778","NULL"
7451,984,807,4,27,12,"1:30.252","1:29.879","NULL"
7452,984,825,210,20,13,"1:30.774","1:29.972","NULL"
7453,984,835,4,30,14,"1:30.516","1:30.022","NULL"
7454,984,832,5,55,15,"1:30.565","1:30.413","NULL"
7455,984,154,210,8,16,"1:30.849","","NULL"
7456,984,842,5,10,17,"1:31.317","","NULL"
7457,984,840,3,18,18,"1:31.409","","NULL"
7458,984,828,15,9,19,"1:31.597","","NULL"
7459,984,836,15,94,20,"1:31.885","","NULL"
7460,985,1,131,44,1,"1:34.822","1:33.437","1:33.108"
7461,985,20,6,5,2,"1:35.420","1:34.103","1:33.347"
7462,985,822,131,77,3,"1:35.309","1:33.769","1:33.568"
7463,985,817,9,3,4,"1:35.991","1:34.495","1:33.577"
7464,985,8,6,7,5,"1:35.649","1:33.840","1:33.577"
7465,985,830,9,33,6,"1:34.899","1:34.716","1:33.658"
7466,985,839,10,31,7,"1:35.849","1:35.113","1:34.647"
7467,985,832,4,55,8,"1:35.517","1:34.899","1:34.852"
7468,985,4,1,14,9,"1:35.712","1:35.046","1:35.007"
7469,985,815,10,11,10,"1:36.358","1:34.789","1:35.148"
7470,985,13,3,19,11,"1:35.603","1:35.155","NULL"
7471,985,826,5,26,12,"1:36.073","1:35.529","NULL"
7472,985,838,1,2,13,"1:36.286","1:35.641","NULL"
7473,985,154,210,8,14,"1:36.835","1:35.870","NULL"
7474,985,807,4,27,15,"1:35.740","","NULL"
7475,985,828,15,9,16,"1:36.842","","NULL"
7476,985,840,3,18,17,"1:36.868","","NULL"
7477,985,843,5,39,18,"1:36.889","","NULL"
7478,985,836,15,94,19,"1:37.179","","NULL"
7479,985,825,210,20,20,"1:37.394","","NULL"
7480,986,20,6,5,1,"1:17.665","1:16.870","1:16.488"
7481,986,830,9,33,2,"1:17.630","1:16.524","1:16.574"
7482,986,1,131,44,3,"1:17.518","1:17.035","1:16.934"
7483,986,822,131,77,4,"1:17.578","1:17.161","1:16.958"
7484,986,8,6,7,5,"1:18.148","1:17.534","1:17.238"
7485,986,839,10,31,6,"1:18.336","1:17.827","1:17.437"
7486,986,817,9,3,7,"1:18.208","1:17.631","1:17.447"
7487,986,807,4,27,8,"1:18.322","1:17.792","1:17.466"
7488,986,832,4,55,9,"1:18.405","1:17.753","1:17.794"
7489,986,815,10,11,10,"1:18.020","1:17.868","1:17.807"
7490,986,13,3,19,11,"1:18.570","1:18.099","NULL"
7491,986,840,3,18,12,"1:18.902","1:19.159","NULL"
7492,986,843,5,28,13,"1:18.683","","NULL"
7493,986,4,1,14,14,"1:17.710","","NULL"
7494,986,838,1,2,15,"1:18.578","","NULL"
7495,986,828,15,9,16,"1:19.176","","NULL"
7496,986,836,15,94,17,"1:19.333","","NULL"
7497,986,825,210,20,18,"1:19.443","","NULL"
7498,986,154,210,8,19,"1:19.473","","NULL"
7499,987,822,131,77,1,"1:09.452","1:08.638","1:08.322"
7500,987,20,6,5,2,"1:09.643","1:08.494","1:08.360"
7501,987,8,6,7,3,"1:09.405","1:09.116","1:08.538"
7502,987,830,9,33,4,"1:09.820","1:09.050","1:08.925"
7503,987,817,9,3,5,"1:09.828","1:09.533","1:09.330"
7504,987,815,10,11,6,"1:10.145","1:09.760","1:09.598"
7505,987,4,1,14,7,"1:10.172","1:09.593","1:09.617"
7506,987,807,4,27,8,"1:10.078","1:09.726","1:09.703"
7507,987,832,4,55,9,"1:10.227","1:09.768","1:09.805"
7508,987,13,3,19,10,"1:09.789","1:09.612","1:09.841"
7509,987,839,10,31,11,"1:10.168","1:09.830",""
7510,987,154,210,8,12,"1:10.148","1:09.879",""
7511,987,838,1,2,13,"1:10.286","1:10.116",""
7512,987,825,210,20,14,"1:10.521","1:10.154",""
7513,987,843,5,28,15,"1:10.625","",""
7514,987,836,15,94,16,"1:10.678","",""
7515,987,842,5,10,17,"1:10.686","",""
7516,987,840,3,18,18,"1:10.776","",""
7517,987,828,15,9,19,"1:10.875","",""
7520,988,822,131,77,1,"1:37.356","1:36.822","1:36.231"
7519,987,1,131,44,20,"","","NULL"
7521,988,1,131,44,2,"1:37.391","1:36.742","1:36.403"
7522,988,20,6,5,3,"1:37.817","1:37.023","1:36.777"
7523,988,817,9,3,4,"1:38.016","1:37.583","1:36.959"
7524,988,8,6,7,5,"1:37.453","1:37.302","1:36.985"
7525,988,830,9,33,6,"1:38.021","1:37.777","1:37.328"
7526,988,807,4,27,7,"1:38.781","1:38.138","1:38.282"
7527,988,815,10,11,8,"1:38.601","1:38.359","1:38.374"
7528,988,839,10,31,9,"1:38.896","1:38.392","1:38.397"
7529,988,13,3,19,10,"1:38.629","1:38.565","1:38.550"
7530,988,4,1,14,11,"1:38.820","1:38.636","NULL"
7531,988,832,4,55,12,"1:38.810","1:38.725","NULL"
7532,988,838,1,2,13,"1:38.777","1:38.808","NULL"
7533,988,825,210,20,14,"1:39.395","1:39.298","NULL"
7534,988,840,3,18,15,"1:39.503","1:39.646","NULL"
7535,988,154,210,8,16,"1:39.516","","NULL"
7536,988,842,5,10,17,"1:39.724","","NULL"
7537,988,836,15,94,18,"1:39.930","","NULL"
7538,988,828,15,9,19,"1:39.994","","NULL"
7539,988,843,5,28,20,"1:40.471","","NULL"
